Site,Parameter,Date (LT),Year,Month,Day,Hour,NowCast Conc.,AQI,AQI Category,Raw Conc.,Conc. Unit,Duration,QC Name
Abidjan,PM2.5 - Principal,2022-06-01 01:00 AM,2022,06,01,01,12.9,53,Moderate,19.0,UG/M3,1 Hr,Valid
Abidjan,PM2.5 - Principal,2022-06-01 02:00 AM,2022,06,01,02,11.9,50,Good,11.0,UG/M3,1 Hr,Valid
Abidjan,PM2.5 - Principal,2022-06-01 03:00 AM,2022,06,01,03,10.4,43,Good,9.0,UG/M3,1 Hr,Valid
Abidjan,PM2.5 - Principal,2022-06-01 04:00 AM,2022,06,01,04,11.7,49,Good,13.0,UG/M3,1 Hr,Valid
Abidjan,PM2.5 - Principal,2022-06-01 05:00 AM,2022,06,01,05,10.3,43,Good,9.0,UG/M3,1 Hr,Valid
Abidjan,PM2.5 - Principal,2022-06-01 06:00 AM,2022,06,01,06,9.6,40,Good,9.0,UG/M3,1 Hr,Valid
Abidjan,PM2.5 - Principal,2022-06-01 07:00 AM,2022,06,01,07,13.3,54,Moderate,17.0,UG/M3,1 Hr,Valid
Abidjan,PM2.5 - Principal,2022-06-01 08:00 AM,2022,06,01,08,13.1,53,Moderate,13.0,UG/M3,1 Hr,Valid
Abidjan,PM2.5 - Principal,2022-06-01 09:00 AM,2022,06,01,09,12.0,50,Good,11.0,UG/M3,1 Hr,Valid
Abidjan,PM2.5 - Principal,2022-06-01 10:00 AM,2022,06,01,10,10.5,44,Good,9.0,UG/M3,1 Hr,Valid
Abidjan,PM2.5 - Principal,2022-06-01 11:00 AM,2022,06,01,11,11.2,47,Good,12.0,UG/M3,1 Hr,Valid
Abidjan,PM2.5 - Principal,2022-06-01 12:00 PM,2022,06,01,12,9.6,40,Good,8.0,UG/M3,1 Hr,Valid
Abidjan,PM2.5 - Principal,2022-06-01 01:00 PM,2022,06,01,13,8.8,37,Good,8.0,UG/M3,1 Hr,Valid
Abidjan,PM2.5 - Principal,2022-06-01 02:00 PM,2022,06,01,14,7.9,33,Good,7.0,UG/M3,1 Hr,Valid
Abidjan,PM2.5 - Principal,2022-06-01 03:00 PM,2022,06,01,15,8.4,35,Good,9.0,UG/M3,1 Hr,Valid
Abidjan,PM2.5 - Principal,2022-06-01 04:00 PM,2022,06,01,16,8.7,36,Good,9.0,UG/M3,1 Hr,Valid
Abidjan,PM2.5 - Principal,2022-06-01 05:00 PM,2022,06,01,17,7.3,30,Good,6.0,UG/M3,1 Hr,Valid
Abidjan,PM2.5 - Principal,2022-06-01 06:00 PM,2022,06,01,18,6.1,25,Good,5.0,UG/M3,1 Hr,Valid
Abidjan,PM2.5 - Principal,2022-06-01 07:00 PM,2022,06,01,19,5.0,21,Good,4.0,UG/M3,1 Hr,Valid
Abidjan,PM2.5 - Principal,2022-06-01 08:00 PM,2022,06,01,20,5.0,21,Good,5.0,UG/M3,1 Hr,Valid
Abidjan,PM2.5 - Principal,2022-06-01 09:00 PM,2022,06,01,21,5.0,21,Good,5.0,UG/M3,1 Hr,Valid
Abidjan,PM2.5 - Principal,2022-06-01 10:00 PM,2022,06,01,22,6.5,27,Good,8.0,UG/M3,1 Hr,Valid
Abidjan,PM2.5 - Principal,2022-06-01 11:00 PM,2022,06,01,23,7.2,30,Good,8.0,UG/M3,1 Hr,Valid
Abidjan,PM2.5 - Principal,2022-06-02 12:00 AM,2022,06,02,00,9.1,38,Good,11.0,UG/M3,1 Hr,Valid
Abidjan,PM2.5 - Principal,2022-06-02 01:00 AM,2022,06,02,01,10.0,42,Good,11.0,UG/M3,1 Hr,Valid
Abidjan,PM2.5 - Principal,2022-06-02 02:00 AM,2022,06,02,02,9.5,40,Good,9.0,UG/M3,1 Hr,Valid
Abidjan,PM2.5 - Principal,2022-06-02 03:00 AM,2022,06,02,03,8.7,36,Good,8.0,UG/M3,1 Hr,Valid
Abidjan,PM2.5 - Principal,2022-06-02 04:00 AM,2022,06,02,04,9.8,41,Good,11.0,UG/M3,1 Hr,Valid
Abidjan,PM2.5 - Principal,2022-06-02 05:00 AM,2022,06,02,05,12.4,52,Moderate,15.0,UG/M3,1 Hr,Valid
Abidjan,PM2.5 - Principal,2022-06-02 06:00 AM,2022,06,02,06,16.7,61,Moderate,21.0,UG/M3,1 Hr,Valid
Abidjan,PM2.5 - Principal,2022-06-02 07:00 AM,2022,06,02,07,25.8,80,Moderate,35.0,UG/M3,1 Hr,Valid
Abidjan,PM2.5 - Principal,2022-06-02 08:00 AM,2022,06,02,08,25.9,80,Moderate,26.0,UG/M3,1 Hr,Valid
Abidjan,PM2.5 - Principal,2022-06-02 09:00 AM,2022,06,02,09,19.4,66,Moderate,13.0,UG/M3,1 Hr,Valid
Abidjan,PM2.5 - Principal,2022-06-02 10:00 AM,2022,06,02,10,19.7,67,Moderate,20.0,UG/M3,1 Hr,Valid
Abidjan,PM2.5 - Principal,2022-06-02 11:00 AM,2022,06,02,11,21.3,70,Moderate,23.0,UG/M3,1 Hr,Valid
Abidjan,PM2.5 - Principal,2022-06-02 12:00 PM,2022,06,02,12,19.1,66,Moderate,17.0,UG/M3,1 Hr,Valid
Abidjan,PM2.5 - Principal,2022-06-02 01:00 PM,2022,06,02,13,15.5,58,Moderate,12.0,UG/M3,1 Hr,Valid
Abidjan,PM2.5 - Principal,2022-06-02 02:00 PM,2022,06,02,14,15.2,58,Moderate,15.0,UG/M3,1 Hr,Valid
Abidjan,PM2.5 - Principal,2022-06-02 03:00 PM,2022,06,02,15,15.1,57,Moderate,15.0,UG/M3,1 Hr,Valid
Abidjan,PM2.5 - Principal,2022-06-02 04:00 PM,2022,06,02,16,14.0,55,Moderate,13.0,UG/M3,1 Hr,Valid
Abidjan,PM2.5 - Principal,2022-06-02 05:00 PM,2022,06,02,17,15.5,58,Moderate,17.0,UG/M3,1 Hr,Valid
Abidjan,PM2.5 - Principal,2022-06-02 06:00 PM,2022,06,02,18,18.7,65,Moderate,22.0,UG/M3,1 Hr,Valid
Abidjan,PM2.5 - Principal,2022-06-02 07:00 PM,2022,06,02,19,22.3,72,Moderate,26.0,UG/M3,1 Hr,Valid
Abidjan,PM2.5 - Principal,2022-06-02 08:00 PM,2022,06,02,20,19.6,67,Moderate,17.0,UG/M3,1 Hr,Valid
Abidjan,PM2.5 - Principal,2022-06-02 09:00 PM,2022,06,02,21,18.3,64,Moderate,17.0,UG/M3,1 Hr,Valid
Abidjan,PM2.5 - Principal,2022-06-02 10:00 PM,2022,06,02,22,17.1,62,Moderate,16.0,UG/M3,1 Hr,Valid
Abidjan,PM2.5 - Principal,2022-06-02 11:00 PM,2022,06,02,23,14.5,56,Moderate,12.0,UG/M3,1 Hr,Valid
Abidjan,PM2.5 - Principal,2022-06-03 12:00 AM,2022,06,03,00,12.7,52,Moderate,11.0,UG/M3,1 Hr,Valid
Abidjan,PM2.5 - Principal,2022-06-03 01:00 AM,2022,06,03,01,10.3,43,Good,8.0,UG/M3,1 Hr,Valid
Abidjan,PM2.5 - Principal,2022-06-03 02:00 AM,2022,06,03,02,8.1,34,Good,6.0,UG/M3,1 Hr,Valid
Abidjan,PM2.5 - Principal,2022-06-03 03:00 AM,2022,06,03,03,8.0,33,Good,8.0,UG/M3,1 Hr,Valid
Abidjan,PM2.5 - Principal,2022-06-03 04:00 AM,2022,06,03,04,8.0,33,Good,8.0,UG/M3,1 Hr,Valid
Abidjan,PM2.5 - Principal,2022-06-03 05:00 AM,2022,06,03,05,12.0,50,Good,16.0,UG/M3,1 Hr,Valid
Abidjan,PM2.5 - Principal,2022-06-03 06:00 AM,2022,06,03,06,22.5,73,Moderate,33.0,UG/M3,1 Hr,Valid
Abidjan,PM2.5 - Principal,2022-06-03 07:00 AM,2022,06,03,07,31.7,92,Moderate,41.0,UG/M3,1 Hr,Valid
Abidjan,PM2.5 - Principal,2022-06-03 08:00 AM,2022,06,03,08,52.8,144,Unhealthy for Sensitive Groups,74.0,UG/M3,1 Hr,Valid
Abidjan,PM2.5 - Principal,2022-06-03 09:00 AM,2022,06,03,09,49.4,135,Unhealthy for Sensitive Groups,46.0,UG/M3,1 Hr,Valid
Abidjan,PM2.5 - Principal,2022-06-03 10:00 AM,2022,06,03,10,38.2,108,Unhealthy for Sensitive Groups,27.0,UG/M3,1 Hr,Valid
Abidjan,PM2.5 - Principal,2022-06-03 11:00 AM,2022,06,03,11,32.1,93,Moderate,26.0,UG/M3,1 Hr,Valid
Abidjan,PM2.5 - Principal,2022-06-03 12:00 PM,2022,06,03,12,27.5,83,Moderate,23.0,UG/M3,1 Hr,Valid
Abidjan,PM2.5 - Principal,2022-06-03 01:00 PM,2022,06,03,13,21.7,71,Moderate,16.0,UG/M3,1 Hr,Valid
Abidjan,PM2.5 - Principal,2022-06-03 02:00 PM,2022,06,03,14,16.8,61,Moderate,12.0,UG/M3,1 Hr,Valid
Abidjan,PM2.5 - Principal,2022-06-03 03:00 PM,2022,06,03,15,17.9,63,Moderate,19.0,UG/M3,1 Hr,Valid
Abidjan,PM2.5 - Principal,2022-06-03 04:00 PM,2022,06,03,16,17.9,63,Moderate,18.0,UG/M3,1 Hr,Valid
Abidjan,PM2.5 - Principal,2022-06-03 05:00 PM,2022,06,03,17,20.4,68,Moderate,23.0,UG/M3,1 Hr,Valid
Abidjan,PM2.5 - Principal,2022-06-03 06:00 PM,2022,06,03,18,20.7,69,Moderate,21.0,UG/M3,1 Hr,Valid
Abidjan,PM2.5 - Principal,2022-06-03 07:00 PM,2022,06,03,19,18.8,65,Moderate,17.0,UG/M3,1 Hr,Valid
Abidjan,PM2.5 - Principal,2022-06-03 08:00 PM,2022,06,03,20,14.9,57,Moderate,11.0,UG/M3,1 Hr,Valid
Abidjan,PM2.5 - Principal,2022-06-03 09:00 PM,2022,06,03,21,11.4,48,Good,8.0,UG/M3,1 Hr,Valid
Abidjan,PM2.5 - Principal,2022-06-03 10:00 PM,2022,06,03,22,6.2,26,Good,1.0,UG/M3,1 Hr,Valid
Abidjan,PM2.5 - Principal,2022-06-03 11:00 PM,2022,06,03,23,1.6,7,Good,-3.0,UG/M3,1 Hr,Valid
Abidjan,PM2.5 - Principal,2022-06-04 12:00 AM,2022,06,04,00,0.8,3,Good,0.0,UG/M3,1 Hr,Valid
Abidjan,PM2.5 - Principal,2022-06-04 01:00 AM,2022,06,04,01,1.8,8,Good,3.0,UG/M3,1 Hr,Valid
Abidjan,PM2.5 - Principal,2022-06-04 02:00 AM,2022,06,04,02,2.4,10,Good,3.0,UG/M3,1 Hr,Valid
Abidjan,PM2.5 - Principal,2022-06-04 03:00 AM,2022,06,04,03,3.2,13,Good,4.0,UG/M3,1 Hr,Valid
Abidjan,PM2.5 - Principal,2022-06-04 04:00 AM,2022,06,04,04,6.6,28,Good,10.0,UG/M3,1 Hr,Valid
Abidjan,PM2.5 - Principal,2022-06-04 05:00 AM,2022,06,04,05,6.8,28,Good,7.0,UG/M3,1 Hr,Valid
Abidjan,PM2.5 - Principal,2022-06-04 06:00 AM,2022,06,04,06,6.3,26,Good,6.0,UG/M3,1 Hr,Valid
Abidjan,PM2.5 - Principal,2022-06-04 07:00 AM,2022,06,04,07,8.1,34,Good,10.0,UG/M3,1 Hr,Valid
Abidjan,PM2.5 - Principal,2022-06-04 08:00 AM,2022,06,04,08,20.1,68,Moderate,32.0,UG/M3,1 Hr,Valid
Abidjan,PM2.5 - Principal,2022-06-04 09:00 AM,2022,06,04,09,26.0,80,Moderate,32.0,UG/M3,1 Hr,Valid
Abidjan,PM2.5 - Principal,2022-06-04 10:00 AM,2022,06,04,10,24.5,77,Moderate,23.0,UG/M3,1 Hr,Valid
Abidjan,PM2.5 - Principal,2022-06-04 11:00 AM,2022,06,04,11,20.2,68,Moderate,16.0,UG/M3,1 Hr,Valid
Abidjan,PM2.5 - Principal,2022-06-04 12:00 PM,2022,06,04,12,15.6,58,Moderate,11.0,UG/M3,1 Hr,Valid
Abidjan,PM2.5 - Principal,2022-06-04 01:00 PM,2022,06,04,13,15.3,58,Moderate,15.0,UG/M3,1 Hr,Valid
Abidjan,PM2.5 - Principal,2022-06-04 02:00 PM,2022,06,04,14,17.1,62,Moderate,19.0,UG/M3,1 Hr,Valid
Abidjan,PM2.5 - Principal,2022-06-04 03:00 PM,2022,06,04,15,15.0,57,Moderate,13.0,UG/M3,1 Hr,Valid
Abidjan,PM2.5 - Principal,2022-06-04 04:00 PM,2022,06,04,16,12.5,52,Moderate,10.0,UG/M3,1 Hr,Valid
Abidjan,PM2.5 - Principal,2022-06-04 05:00 PM,2022,06,04,17,9.2,38,Good,6.0,UG/M3,1 Hr,Valid
Abidjan,PM2.5 - Principal,2022-06-04 06:00 PM,2022,06,04,18,6.6,28,Good,4.0,UG/M3,1 Hr,Valid
Abidjan,PM2.5 - Principal,2022-06-04 07:00 PM,2022,06,04,19,7.3,30,Good,8.0,UG/M3,1 Hr,Valid
Abidjan,PM2.5 - Principal,2022-06-04 08:00 PM,2022,06,04,20,9.6,40,Good,12.0,UG/M3,1 Hr,Valid
Abidjan,PM2.5 - Principal,2022-06-04 09:00 PM,2022,06,04,21,13.8,55,Moderate,18.0,UG/M3,1 Hr,Valid
Abidjan,PM2.5 - Principal,2022-06-04 10:00 PM,2022,06,04,22,11.9,50,Good,10.0,UG/M3,1 Hr,Valid
Abidjan,PM2.5 - Principal,2022-06-04 11:00 PM,2022,06,04,23,9.4,39,Good,7.0,UG/M3,1 Hr,Valid
Abidjan,PM2.5 - Principal,2022-06-05 12:00 AM,2022,06,05,00,7.7,32,Good,6.0,UG/M3,1 Hr,Valid
Abidjan,PM2.5 - Principal,2022-06-05 01:00 AM,2022,06,05,01,5.8,24,Good,4.0,UG/M3,1 Hr,Valid
Abidjan,PM2.5 - Principal,2022-06-05 02:00 AM,2022,06,05,02,5.4,23,Good,5.0,UG/M3,1 Hr,Valid
Abidjan,PM2.5 - Principal,2022-06-05 03:00 AM,2022,06,05,03,8.2,34,Good,11.0,UG/M3,1 Hr,Valid
Abidjan,PM2.5 - Principal,2022-06-05 04:00 AM,2022,06,05,04,13.1,53,Moderate,18.0,UG/M3,1 Hr,Valid
Abidjan,PM2.5 - Principal,2022-06-05 05:00 AM,2022,06,05,05,24.0,76,Moderate,35.0,UG/M3,1 Hr,Valid
Abidjan,PM2.5 - Principal,2022-06-05 06:00 AM,2022,06,05,06,47.0,129,Unhealthy for Sensitive Groups,70.0,UG/M3,1 Hr,Valid
Abidjan,PM2.5 - Principal,2022-06-05 07:00 AM,2022,06,05,07,44.0,122,Unhealthy for Sensitive Groups,41.0,UG/M3,1 Hr,Valid
Abidjan,PM2.5 - Principal,2022-06-05 08:00 AM,2022,06,05,08,35.0,99,Moderate,26.0,UG/M3,1 Hr,Valid
Abidjan,PM2.5 - Principal,2022-06-05 09:00 AM,2022,06,05,09,25.0,78,Moderate,15.0,UG/M3,1 Hr,Valid
Abidjan,PM2.5 - Principal,2022-06-05 10:00 AM,2022,06,05,10,20.0,68,Moderate,15.0,UG/M3,1 Hr,Valid
Abidjan,PM2.5 - Principal,2022-06-05 11:00 AM,2022,06,05,11,19.5,67,Moderate,19.0,UG/M3,1 Hr,Valid
Abidjan,PM2.5 - Principal,2022-06-05 12:00 PM,2022,06,05,12,14.2,55,Moderate,9.0,UG/M3,1 Hr,Valid
Abidjan,PM2.5 - Principal,2022-06-05 01:00 PM,2022,06,05,13,12.6,52,Moderate,11.0,UG/M3,1 Hr,Valid
Abidjan,PM2.5 - Principal,2022-06-05 02:00 PM,2022,06,05,14,11.8,49,Good,11.0,UG/M3,1 Hr,Valid
Abidjan,PM2.5 - Principal,2022-06-05 03:00 PM,2022,06,05,15,9.4,39,Good,7.0,UG/M3,1 Hr,Valid
Abidjan,PM2.5 - Principal,2022-06-05 04:00 PM,2022,06,05,16,7.2,30,Good,5.0,UG/M3,1 Hr,Valid
Abidjan,PM2.5 - Principal,2022-06-05 05:00 PM,2022,06,05,17,5.5,23,Good,4.0,UG/M3,1 Hr,Valid
Abidjan,PM2.5 - Principal,2022-06-05 06:00 PM,2022,06,05,18,4.7,20,Good,4.0,UG/M3,1 Hr,Valid
Abidjan,PM2.5 - Principal,2022-06-05 07:00 PM,2022,06,05,19,6.8,28,Good,9.0,UG/M3,1 Hr,Valid
Abidjan,PM2.5 - Principal,2022-06-05 08:00 PM,2022,06,05,20,7.9,33,Good,9.0,UG/M3,1 Hr,Valid
Abidjan,PM2.5 - Principal,2022-06-05 09:00 PM,2022,06,05,21,6.9,29,Good,6.0,UG/M3,1 Hr,Valid
Abidjan,PM2.5 - Principal,2022-06-05 10:00 PM,2022,06,05,22,4.9,20,Good,3.0,UG/M3,1 Hr,Valid
Abidjan,PM2.5 - Principal,2022-06-05 11:00 PM,2022,06,05,23,4.4,18,Good,4.0,UG/M3,1 Hr,Valid
Abidjan,PM2.5 - Principal,2022-06-06 12:00 AM,2022,06,06,00,4.7,20,Good,5.0,UG/M3,1 Hr,Valid
Abidjan,PM2.5 - Principal,2022-06-06 01:00 AM,2022,06,06,01,8.8,37,Good,13.0,UG/M3,1 Hr,Valid
Abidjan,PM2.5 - Principal,2022-06-06 02:00 AM,2022,06,06,02,8.4,35,Good,8.0,UG/M3,1 Hr,Valid
Abidjan,PM2.5 - Principal,2022-06-06 03:00 AM,2022,06,06,03,7.2,30,Good,6.0,UG/M3,1 Hr,Valid
Abidjan,PM2.5 - Principal,2022-06-06 04:00 AM,2022,06,06,04,5.6,23,Good,4.0,UG/M3,1 Hr,Valid
Abidjan,PM2.5 - Principal,2022-06-06 05:00 AM,2022,06,06,05,7.8,33,Good,10.0,UG/M3,1 Hr,Valid
Abidjan,PM2.5 - Principal,2022-06-06 06:00 AM,2022,06,06,06,8.4,35,Good,9.0,UG/M3,1 Hr,Valid
Abidjan,PM2.5 - Principal,2022-06-06 07:00 AM,2022,06,06,07,18.2,64,Moderate,28.0,UG/M3,1 Hr,Valid
Abidjan,PM2.5 - Principal,2022-06-06 08:00 AM,2022,06,06,08,32.6,94,Moderate,47.0,UG/M3,1 Hr,Valid
Abidjan,PM2.5 - Principal,2022-06-06 09:00 AM,2022,06,06,09,34.8,99,Moderate,37.0,UG/M3,1 Hr,Valid
Abidjan,PM2.5 - Principal,2022-06-06 10:00 AM,2022,06,06,10,29.4,87,Moderate,24.0,UG/M3,1 Hr,Valid
Abidjan,PM2.5 - Principal,2022-06-06 11:00 AM,2022,06,06,11,21.2,70,Moderate,13.0,UG/M3,1 Hr,Valid
Abidjan,PM2.5 - Principal,2022-06-06 12:00 PM,2022,06,06,12,16.6,60,Moderate,12.0,UG/M3,1 Hr,Valid
Abidjan,PM2.5 - Principal,2022-06-06 01:00 PM,2022,06,06,13,13.8,55,Moderate,11.0,UG/M3,1 Hr,Valid
Abidjan,PM2.5 - Principal,2022-06-06 02:00 PM,2022,06,06,14,10.4,43,Good,7.0,UG/M3,1 Hr,Valid
Abidjan,PM2.5 - Principal,2022-06-06 03:00 PM,2022,06,06,15,8.2,34,Good,6.0,UG/M3,1 Hr,Valid
Abidjan,PM2.5 - Principal,2022-06-06 04:00 PM,2022,06,06,16,7.6,32,Good,7.0,UG/M3,1 Hr,Valid
Abidjan,PM2.5 - Principal,2022-06-06 05:00 PM,2022,06,06,17,7.8,33,Good,8.0,UG/M3,1 Hr,Valid
Abidjan,PM2.5 - Principal,2022-06-06 06:00 PM,2022,06,06,18,7.3,30,Good,7.0,UG/M3,1 Hr,Valid
Abidjan,PM2.5 - Principal,2022-06-06 07:00 PM,2022,06,06,19,7.1,30,Good,7.0,UG/M3,1 Hr,Valid
Abidjan,PM2.5 - Principal,2022-06-06 08:00 PM,2022,06,06,20,8.0,33,Good,9.0,UG/M3,1 Hr,Valid
Abidjan,PM2.5 - Principal,2022-06-06 09:00 PM,2022,06,06,21,10.0,42,Good,12.0,UG/M3,1 Hr,Valid
Abidjan,PM2.5 - Principal,2022-06-06 10:00 PM,2022,06,06,22,13.5,54,Moderate,17.0,UG/M3,1 Hr,Valid
Abidjan,PM2.5 - Principal,2022-06-06 11:00 PM,2022,06,06,23,13.2,53,Moderate,13.0,UG/M3,1 Hr,Valid
Abidjan,PM2.5 - Principal,2022-06-07 12:00 AM,2022,06,07,00,11.1,46,Good,9.0,UG/M3,1 Hr,Valid
Abidjan,PM2.5 - Principal,2022-06-07 01:00 AM,2022,06,07,01,10.5,44,Good,10.0,UG/M3,1 Hr,Valid
Abidjan,PM2.5 - Principal,2022-06-07 02:00 AM,2022,06,07,02,11.2,47,Good,12.0,UG/M3,1 Hr,Valid
Abidjan,PM2.5 - Principal,2022-06-07 03:00 AM,2022,06,07,03,9.6,40,Good,8.0,UG/M3,1 Hr,Valid
Abidjan,PM2.5 - Principal,2022-06-07 04:00 AM,2022,06,07,04,9.3,39,Good,9.0,UG/M3,1 Hr,Valid
Abidjan,PM2.5 - Principal,2022-06-07 05:00 AM,2022,06,07,05,8.6,36,Good,8.0,UG/M3,1 Hr,Valid
Abidjan,PM2.5 - Principal,2022-06-07 06:00 AM,2022,06,07,06,9.3,39,Good,10.0,UG/M3,1 Hr,Valid
Abidjan,PM2.5 - Principal,2022-06-07 07:00 AM,2022,06,07,07,9.6,40,Good,10.0,UG/M3,1 Hr,Valid
Abidjan,PM2.5 - Principal,2022-06-07 08:00 AM,2022,06,07,08,15.3,58,Moderate,21.0,UG/M3,1 Hr,Valid
Abidjan,PM2.5 - Principal,2022-06-07 09:00 AM,2022,06,07,09,18.1,64,Moderate,21.0,UG/M3,1 Hr,Valid
Abidjan,PM2.5 - Principal,2022-06-07 10:00 AM,2022,06,07,10,17.5,62,Moderate,17.0,UG/M3,1 Hr,Valid
Abidjan,PM2.5 - Principal,2022-06-07 11:00 AM,2022,06,07,11,17.5,62,Moderate,-999.0,UG/M3,1 Hr,Missing
Abidjan,PM2.5 - Principal,2022-06-07 12:00 PM,2022,06,07,12,12.5,52,Moderate,10.0,UG/M3,1 Hr,Valid
Abidjan,PM2.5 - Principal,2022-06-07 01:00 PM,2022,06,07,13,13.9,55,Moderate,15.0,UG/M3,1 Hr,Valid
Abidjan,PM2.5 - Principal,2022-06-07 02:00 PM,2022,06,07,14,11.8,49,Good,10.0,UG/M3,1 Hr,Valid
Abidjan,PM2.5 - Principal,2022-06-07 03:00 PM,2022,06,07,15,11.4,48,Good,11.0,UG/M3,1 Hr,Valid
Abidjan,PM2.5 - Principal,2022-06-07 04:00 PM,2022,06,07,16,13.7,54,Moderate,16.0,UG/M3,1 Hr,Valid
Abidjan,PM2.5 - Principal,2022-06-07 05:00 PM,2022,06,07,17,14.8,57,Moderate,16.0,UG/M3,1 Hr,Valid
Abidjan,PM2.5 - Principal,2022-06-07 06:00 PM,2022,06,07,18,18.4,64,Moderate,22.0,UG/M3,1 Hr,Valid
Abidjan,PM2.5 - Principal,2022-06-07 07:00 PM,2022,06,07,19,20.2,68,Moderate,22.0,UG/M3,1 Hr,Valid
Abidjan,PM2.5 - Principal,2022-06-07 08:00 PM,2022,06,07,20,18.6,65,Moderate,17.0,UG/M3,1 Hr,Valid
Abidjan,PM2.5 - Principal,2022-06-07 09:00 PM,2022,06,07,21,19.8,67,Moderate,21.0,UG/M3,1 Hr,Valid
Abidjan,PM2.5 - Principal,2022-06-07 10:00 PM,2022,06,07,22,17.9,63,Moderate,16.0,UG/M3,1 Hr,Valid
Abidjan,PM2.5 - Principal,2022-06-07 11:00 PM,2022,06,07,23,16.9,61,Moderate,16.0,UG/M3,1 Hr,Valid
Abidjan,PM2.5 - Principal,2022-06-08 12:00 AM,2022,06,08,00,19.4,66,Moderate,22.0,UG/M3,1 Hr,Valid
Abidjan,PM2.5 - Principal,2022-06-08 01:00 AM,2022,06,08,01,22.2,72,Moderate,25.0,UG/M3,1 Hr,Valid
Abidjan,PM2.5 - Principal,2022-06-08 02:00 AM,2022,06,08,02,15.1,57,Moderate,8.0,UG/M3,1 Hr,Valid
Abidjan,PM2.5 - Principal,2022-06-08 03:00 AM,2022,06,08,03,18.5,64,Moderate,22.0,UG/M3,1 Hr,Valid
Abidjan,PM2.5 - Principal,2022-06-08 04:00 AM,2022,06,08,04,22.2,72,Moderate,26.0,UG/M3,1 Hr,Valid
Abidjan,PM2.5 - Principal,2022-06-08 05:00 AM,2022,06,08,05,30.6,90,Moderate,39.0,UG/M3,1 Hr,Valid
Abidjan,PM2.5 - Principal,2022-06-08 06:00 AM,2022,06,08,06,47.3,130,Unhealthy for Sensitive Groups,64.0,UG/M3,1 Hr,Valid
Abidjan,PM2.5 - Principal,2022-06-08 07:00 AM,2022,06,08,07,60.1,153,Unhealthy,73.0,UG/M3,1 Hr,Valid
Abidjan,PM2.5 - Principal,2022-06-08 08:00 AM,2022,06,08,08,68.5,158,Unhealthy,77.0,UG/M3,1 Hr,Valid
Abidjan,PM2.5 - Principal,2022-06-08 09:00 AM,2022,06,08,09,49.7,136,Unhealthy for Sensitive Groups,31.0,UG/M3,1 Hr,Valid
Abidjan,PM2.5 - Principal,2022-06-08 10:00 AM,2022,06,08,10,35.8,102,Unhealthy for Sensitive Groups,22.0,UG/M3,1 Hr,Valid
Abidjan,PM2.5 - Principal,2022-06-08 11:00 AM,2022,06,08,11,26.9,82,Moderate,18.0,UG/M3,1 Hr,Valid
Abidjan,PM2.5 - Principal,2022-06-08 12:00 PM,2022,06,08,12,22.9,74,Moderate,19.0,UG/M3,1 Hr,Valid
Abidjan,PM2.5 - Principal,2022-06-08 01:00 PM,2022,06,08,13,20.4,68,Moderate,18.0,UG/M3,1 Hr,Valid
Abidjan,PM2.5 - Principal,2022-06-08 02:00 PM,2022,06,08,14,18.7,65,Moderate,17.0,UG/M3,1 Hr,Valid
Abidjan,PM2.5 - Principal,2022-06-08 03:00 PM,2022,06,08,15,16.8,61,Moderate,15.0,UG/M3,1 Hr,Valid
Abidjan,PM2.5 - Principal,2022-06-08 04:00 PM,2022,06,08,16,15.9,59,Moderate,15.0,UG/M3,1 Hr,Valid
Abidjan,PM2.5 - Principal,2022-06-08 05:00 PM,2022,06,08,17,19.4,66,Moderate,23.0,UG/M3,1 Hr,Valid
Abidjan,PM2.5 - Principal,2022-06-08 06:00 PM,2022,06,08,18,21.2,70,Moderate,23.0,UG/M3,1 Hr,Valid
Abidjan,PM2.5 - Principal,2022-06-08 07:00 PM,2022,06,08,19,19.6,67,Moderate,18.0,UG/M3,1 Hr,Valid
Abidjan,PM2.5 - Principal,2022-06-08 08:00 PM,2022,06,08,20,19.2,66,Moderate,19.0,UG/M3,1 Hr,Valid
Abidjan,PM2.5 - Principal,2022-06-08 09:00 PM,2022,06,08,21,16.5,60,Moderate,13.0,UG/M3,1 Hr,Valid
Abidjan,PM2.5 - Principal,2022-06-08 10:00 PM,2022,06,08,22,16.7,61,Moderate,17.0,UG/M3,1 Hr,Valid
Abidjan,PM2.5 - Principal,2022-06-08 11:00 PM,2022,06,08,23,17.2,62,Moderate,18.0,UG/M3,1 Hr,Valid
Abidjan,PM2.5 - Principal,2022-06-09 12:00 AM,2022,06,09,00,15.8,59,Moderate,14.0,UG/M3,1 Hr,Valid
Abidjan,PM2.5 - Principal,2022-06-09 01:00 AM,2022,06,09,01,15.0,57,Moderate,14.0,UG/M3,1 Hr,Valid
Abidjan,PM2.5 - Principal,2022-06-09 02:00 AM,2022,06,09,02,14.5,56,Moderate,14.0,UG/M3,1 Hr,Valid
Abidjan,PM2.5 - Principal,2022-06-09 03:00 AM,2022,06,09,03,15.6,58,Moderate,17.0,UG/M3,1 Hr,Valid
Abidjan,PM2.5 - Principal,2022-06-09 04:00 AM,2022,06,09,04,14.4,56,Moderate,13.0,UG/M3,1 Hr,Valid
Abidjan,PM2.5 - Principal,2022-06-09 05:00 AM,2022,06,09,05,14.2,55,Moderate,14.0,UG/M3,1 Hr,Valid
Abidjan,PM2.5 - Principal,2022-06-09 06:00 AM,2022,06,09,06,14.9,57,Moderate,16.0,UG/M3,1 Hr,Valid
Abidjan,PM2.5 - Principal,2022-06-09 07:00 AM,2022,06,09,07,21.0,70,Moderate,27.0,UG/M3,1 Hr,Valid
Abidjan,PM2.5 - Principal,2022-06-09 08:00 AM,2022,06,09,08,22.5,73,Moderate,24.0,UG/M3,1 Hr,Valid
Abidjan,PM2.5 - Principal,2022-06-09 09:00 AM,2022,06,09,09,23.2,74,Moderate,24.0,UG/M3,1 Hr,Valid
Abidjan,PM2.5 - Principal,2022-06-09 10:00 AM,2022,06,09,10,22.6,73,Moderate,22.0,UG/M3,1 Hr,Valid
Abidjan,PM2.5 - Principal,2022-06-09 11:00 AM,2022,06,09,11,21.8,71,Moderate,21.0,UG/M3,1 Hr,Valid
Abidjan,PM2.5 - Principal,2022-06-09 12:00 PM,2022,06,09,12,19.9,67,Moderate,18.0,UG/M3,1 Hr,Valid
Abidjan,PM2.5 - Principal,2022-06-09 01:00 PM,2022,06,09,13,15.4,58,Moderate,11.0,UG/M3,1 Hr,Valid
Abidjan,PM2.5 - Principal,2022-06-09 02:00 PM,2022,06,09,14,16.2,60,Moderate,17.0,UG/M3,1 Hr,Valid
Abidjan,PM2.5 - Principal,2022-06-09 03:00 PM,2022,06,09,15,17.1,62,Moderate,18.0,UG/M3,1 Hr,Valid
Abidjan,PM2.5 - Principal,2022-06-09 04:00 PM,2022,06,09,16,16.5,60,Moderate,16.0,UG/M3,1 Hr,Valid
Abidjan,PM2.5 - Principal,2022-06-09 05:00 PM,2022,06,09,17,18.2,64,Moderate,20.0,UG/M3,1 Hr,Valid
Abidjan,PM2.5 - Principal,2022-06-09 06:00 PM,2022,06,09,18,19.1,66,Moderate,20.0,UG/M3,1 Hr,Valid
Abidjan,PM2.5 - Principal,2022-06-09 07:00 PM,2022,06,09,19,19.5,67,Moderate,20.0,UG/M3,1 Hr,Valid
Abidjan,PM2.5 - Principal,2022-06-09 08:00 PM,2022,06,09,20,22.2,72,Moderate,25.0,UG/M3,1 Hr,Valid
Abidjan,PM2.5 - Principal,2022-06-09 09:00 PM,2022,06,09,21,21.1,70,Moderate,20.0,UG/M3,1 Hr,Valid
Abidjan,PM2.5 - Principal,2022-06-09 10:00 PM,2022,06,09,22,18.5,64,Moderate,16.0,UG/M3,1 Hr,Valid
Abidjan,PM2.5 - Principal,2022-06-09 11:00 PM,2022,06,09,23,17.7,63,Moderate,17.0,UG/M3,1 Hr,Valid
Abidjan,PM2.5 - Principal,2022-06-10 12:00 AM,2022,06,10,00,14.3,56,Moderate,11.0,UG/M3,1 Hr,Valid
Abidjan,PM2.5 - Principal,2022-06-10 01:00 AM,2022,06,10,01,16.6,60,Moderate,19.0,UG/M3,1 Hr,Valid
Abidjan,PM2.5 - Principal,2022-06-10 02:00 AM,2022,06,10,02,14.3,56,Moderate,12.0,UG/M3,1 Hr,Valid
Abidjan,PM2.5 - Principal,2022-06-10 03:00 AM,2022,06,10,03,13.1,53,Moderate,12.0,UG/M3,1 Hr,Valid
Abidjan,PM2.5 - Principal,2022-06-10 04:00 AM,2022,06,10,04,12.5,52,Moderate,12.0,UG/M3,1 Hr,Valid
Abidjan,PM2.5 - Principal,2022-06-10 05:00 AM,2022,06,10,05,12.2,51,Moderate,12.0,UG/M3,1 Hr,Valid
Abidjan,PM2.5 - Principal,2022-06-10 06:00 AM,2022,06,10,06,11.1,46,Good,10.0,UG/M3,1 Hr,Valid
Abidjan,PM2.5 - Principal,2022-06-10 07:00 AM,2022,06,10,07,19.0,66,Moderate,27.0,UG/M3,1 Hr,Valid
Abidjan,PM2.5 - Principal,2022-06-10 08:00 AM,2022,06,10,08,30.0,89,Moderate,41.0,UG/M3,1 Hr,Valid
Abidjan,PM2.5 - Principal,2022-06-10 09:00 AM,2022,06,10,09,36.0,102,Unhealthy for Sensitive Groups,42.0,UG/M3,1 Hr,Valid
Abidjan,PM2.5 - Principal,2022-06-10 10:00 AM,2022,06,10,10,30.0,89,Moderate,24.0,UG/M3,1 Hr,Valid
Abidjan,PM2.5 - Principal,2022-06-10 11:00 AM,2022,06,10,11,21.0,70,Moderate,12.0,UG/M3,1 Hr,Valid
Abidjan,PM2.5 - Principal,2022-06-10 12:00 PM,2022,06,10,12,20.5,69,Moderate,20.0,UG/M3,1 Hr,Valid
Abidjan,PM2.5 - Principal,2022-06-10 01:00 PM,2022,06,10,13,17.7,63,Moderate,15.0,UG/M3,1 Hr,Valid
Abidjan,PM2.5 - Principal,2022-06-10 02:00 PM,2022,06,10,14,15.3,58,Moderate,13.0,UG/M3,1 Hr,Valid
Abidjan,PM2.5 - Principal,2022-06-10 03:00 PM,2022,06,10,15,16.1,59,Moderate,17.0,UG/M3,1 Hr,Valid
Abidjan,PM2.5 - Principal,2022-06-10 04:00 PM,2022,06,10,16,15.0,57,Moderate,14.0,UG/M3,1 Hr,Valid
Abidjan,PM2.5 - Principal,2022-06-10 05:00 PM,2022,06,10,17,15.5,58,Moderate,16.0,UG/M3,1 Hr,Valid
Abidjan,PM2.5 - Principal,2022-06-10 06:00 PM,2022,06,10,18,16.2,60,Moderate,17.0,UG/M3,1 Hr,Valid
Abidjan,PM2.5 - Principal,2022-06-10 07:00 PM,2022,06,10,19,15.6,58,Moderate,15.0,UG/M3,1 Hr,Valid
Abidjan,PM2.5 - Principal,2022-06-10 08:00 PM,2022,06,10,20,13.8,55,Moderate,12.0,UG/M3,1 Hr,Valid
Abidjan,PM2.5 - Principal,2022-06-10 09:00 PM,2022,06,10,21,15.4,58,Moderate,17.0,UG/M3,1 Hr,Valid
Abidjan,PM2.5 - Principal,2022-06-10 10:00 PM,2022,06,10,22,18.3,64,Moderate,22.0,UG/M3,1 Hr,Valid
Abidjan,PM2.5 - Principal,2022-06-10 11:00 PM,2022,06,10,23,26.8,82,Moderate,35.0,UG/M3,1 Hr,Valid
Abidjan,PM2.5 - Principal,2022-06-11 12:00 AM,2022,06,11,00,21.9,72,Moderate,17.0,UG/M3,1 Hr,Valid
Abidjan,PM2.5 - Principal,2022-06-11 01:00 AM,2022,06,11,01,16.4,60,Moderate,11.0,UG/M3,1 Hr,Valid
Abidjan,PM2.5 - Principal,2022-06-11 02:00 AM,2022,06,11,02,15.7,59,Moderate,15.0,UG/M3,1 Hr,Valid
Abidjan,PM2.5 - Principal,2022-06-11 03:00 AM,2022,06,11,03,12.3,51,Moderate,9.0,UG/M3,1 Hr,Valid
Abidjan,PM2.5 - Principal,2022-06-11 04:00 AM,2022,06,11,04,11.1,46,Good,10.0,UG/M3,1 Hr,Valid
Abidjan,PM2.5 - Principal,2022-06-11 05:00 AM,2022,06,11,05,16.5,60,Moderate,22.0,UG/M3,1 Hr,Valid
Abidjan,PM2.5 - Principal,2022-06-11 06:00 AM,2022,06,11,06,24.7,77,Moderate,33.0,UG/M3,1 Hr,Valid
Abidjan,PM2.5 - Principal,2022-06-11 07:00 AM,2022,06,11,07,23.8,76,Moderate,23.0,UG/M3,1 Hr,Valid
Abidjan,PM2.5 - Principal,2022-06-11 08:00 AM,2022,06,11,08,24.4,77,Moderate,25.0,UG/M3,1 Hr,Valid
Abidjan,PM2.5 - Principal,2022-06-11 09:00 AM,2022,06,11,09,25.7,80,Moderate,27.0,UG/M3,1 Hr,Valid
Abidjan,PM2.5 - Principal,2022-06-11 10:00 AM,2022,06,11,10,28.3,85,Moderate,31.0,UG/M3,1 Hr,Valid
Abidjan,PM2.5 - Principal,2022-06-11 11:00 AM,2022,06,11,11,27.6,84,Moderate,27.0,UG/M3,1 Hr,Valid
Abidjan,PM2.5 - Principal,2022-06-11 12:00 PM,2022,06,11,12,27.8,84,Moderate,28.0,UG/M3,1 Hr,Valid
Abidjan,PM2.5 - Principal,2022-06-11 01:00 PM,2022,06,11,13,24.4,77,Moderate,21.0,UG/M3,1 Hr,Valid
Abidjan,PM2.5 - Principal,2022-06-11 02:00 PM,2022,06,11,14,15.7,59,Moderate,7.0,UG/M3,1 Hr,Valid
Abidjan,PM2.5 - Principal,2022-06-11 03:00 PM,2022,06,11,15,10.8,45,Good,6.0,UG/M3,1 Hr,Valid
Abidjan,PM2.5 - Principal,2022-06-11 04:00 PM,2022,06,11,16,8.4,35,Good,6.0,UG/M3,1 Hr,Valid
Abidjan,PM2.5 - Principal,2022-06-11 05:00 PM,2022,06,11,17,8.7,36,Good,9.0,UG/M3,1 Hr,Valid
Abidjan,PM2.5 - Principal,2022-06-11 06:00 PM,2022,06,11,18,8.3,35,Good,8.0,UG/M3,1 Hr,Valid
Abidjan,PM2.5 - Principal,2022-06-11 07:00 PM,2022,06,11,19,8.6,36,Good,9.0,UG/M3,1 Hr,Valid
Abidjan,PM2.5 - Principal,2022-06-11 08:00 PM,2022,06,11,20,8.8,37,Good,9.0,UG/M3,1 Hr,Valid
Abidjan,PM2.5 - Principal,2022-06-11 09:00 PM,2022,06,11,21,8.9,37,Good,9.0,UG/M3,1 Hr,Valid
Abidjan,PM2.5 - Principal,2022-06-11 10:00 PM,2022,06,11,22,9.9,41,Good,11.0,UG/M3,1 Hr,Valid
Abidjan,PM2.5 - Principal,2022-06-11 11:00 PM,2022,06,11,23,9.4,39,Good,9.0,UG/M3,1 Hr,Valid
Abidjan,PM2.5 - Principal,2022-06-12 12:00 AM,2022,06,12,00,9.2,38,Good,9.0,UG/M3,1 Hr,Valid
Abidjan,PM2.5 - Principal,2022-06-12 01:00 AM,2022,06,12,01,10.0,42,Good,11.0,UG/M3,1 Hr,Valid
Abidjan,PM2.5 - Principal,2022-06-12 02:00 AM,2022,06,12,02,8.6,36,Good,7.0,UG/M3,1 Hr,Valid
Abidjan,PM2.5 - Principal,2022-06-12 03:00 AM,2022,06,12,03,7.4,31,Good,6.0,UG/M3,1 Hr,Valid
Abidjan,PM2.5 - Principal,2022-06-12 04:00 AM,2022,06,12,04,8.1,34,Good,9.0,UG/M3,1 Hr,Valid
Abidjan,PM2.5 - Principal,2022-06-12 05:00 AM,2022,06,12,05,6.5,27,Good,5.0,UG/M3,1 Hr,Valid
Abidjan,PM2.5 - Principal,2022-06-12 06:00 AM,2022,06,12,06,7.7,32,Good,9.0,UG/M3,1 Hr,Valid
Abidjan,PM2.5 - Principal,2022-06-12 07:00 AM,2022,06,12,07,9.8,41,Good,12.0,UG/M3,1 Hr,Valid
Abidjan,PM2.5 - Principal,2022-06-12 08:00 AM,2022,06,12,08,22.9,74,Moderate,36.0,UG/M3,1 Hr,Valid
Abidjan,PM2.5 - Principal,2022-06-12 09:00 AM,2022,06,12,09,32.4,94,Moderate,42.0,UG/M3,1 Hr,Valid
Abidjan,PM2.5 - Principal,2022-06-12 10:00 AM,2022,06,12,10,24.7,77,Moderate,17.0,UG/M3,1 Hr,Valid
Abidjan,PM2.5 - Principal,2022-06-12 11:00 AM,2022,06,12,11,24.7,77,Moderate,-5.0,UG/M3,1 Hr,Invalid
Abidjan,PM2.5 - Principal,2022-06-12 12:00 PM,2022,06,12,12,14.2,55,Moderate,9.0,UG/M3,1 Hr,Valid
Abidjan,PM2.5 - Principal,2022-06-12 01:00 PM,2022,06,12,13,12.3,51,Moderate,11.0,UG/M3,1 Hr,Valid
Abidjan,PM2.5 - Principal,2022-06-12 02:00 PM,2022,06,12,14,10.5,44,Good,9.0,UG/M3,1 Hr,Valid
Abidjan,PM2.5 - Principal,2022-06-12 03:00 PM,2022,06,12,15,10.2,43,Good,10.0,UG/M3,1 Hr,Valid
Abidjan,PM2.5 - Principal,2022-06-12 04:00 PM,2022,06,12,16,10.1,42,Good,10.0,UG/M3,1 Hr,Valid
Abidjan,PM2.5 - Principal,2022-06-12 05:00 PM,2022,06,12,17,8.0,33,Good,6.0,UG/M3,1 Hr,Valid
Abidjan,PM2.5 - Principal,2022-06-12 06:00 PM,2022,06,12,18,9.0,38,Good,10.0,UG/M3,1 Hr,Valid
Abidjan,PM2.5 - Principal,2022-06-12 07:00 PM,2022,06,12,19,8.5,35,Good,8.0,UG/M3,1 Hr,Valid
Abidjan,PM2.5 - Principal,2022-06-12 08:00 PM,2022,06,12,20,7.2,30,Good,6.0,UG/M3,1 Hr,Valid
Abidjan,PM2.5 - Principal,2022-06-12 09:00 PM,2022,06,12,21,6.6,28,Good,6.0,UG/M3,1 Hr,Valid
Abidjan,PM2.5 - Principal,2022-06-12 10:00 PM,2022,06,12,22,7.3,30,Good,8.0,UG/M3,1 Hr,Valid
Abidjan,PM2.5 - Principal,2022-06-12 11:00 PM,2022,06,12,23,7.6,32,Good,8.0,UG/M3,1 Hr,Valid
Abidjan,PM2.5 - Principal,2022-06-13 12:00 AM,2022,06,13,00,7.7,32,Good,8.0,UG/M3,1 Hr,Valid
Abidjan,PM2.5 - Principal,2022-06-13 01:00 AM,2022,06,13,01,11.9,50,Good,16.0,UG/M3,1 Hr,Valid
Abidjan,PM2.5 - Principal,2022-06-13 02:00 AM,2022,06,13,02,9.9,41,Good,8.0,UG/M3,1 Hr,Valid
Abidjan,PM2.5 - Principal,2022-06-13 03:00 AM,2022,06,13,03,7.9,33,Good,6.0,UG/M3,1 Hr,Valid
Abidjan,PM2.5 - Principal,2022-06-13 04:00 AM,2022,06,13,04,6.9,29,Good,6.0,UG/M3,1 Hr,Valid
Abidjan,PM2.5 - Principal,2022-06-13 05:00 AM,2022,06,13,05,6.4,27,Good,6.0,UG/M3,1 Hr,Valid
Abidjan,PM2.5 - Principal,2022-06-13 06:00 AM,2022,06,13,06,8.7,36,Good,11.0,UG/M3,1 Hr,Valid
Abidjan,PM2.5 - Principal,2022-06-13 07:00 AM,2022,06,13,07,17.3,62,Moderate,26.0,UG/M3,1 Hr,Valid
Abidjan,PM2.5 - Principal,2022-06-13 08:00 AM,2022,06,13,08,19.6,67,Moderate,22.0,UG/M3,1 Hr,Valid
Abidjan,PM2.5 - Principal,2022-06-13 09:00 AM,2022,06,13,09,13.8,55,Moderate,8.0,UG/M3,1 Hr,Valid
Abidjan,PM2.5 - Principal,2022-06-13 10:00 AM,2022,06,13,10,10.9,45,Good,8.0,UG/M3,1 Hr,Valid
Abidjan,PM2.5 - Principal,2022-06-13 11:00 AM,2022,06,13,11,11.4,48,Good,12.0,UG/M3,1 Hr,Valid
Abidjan,PM2.5 - Principal,2022-06-13 12:00 PM,2022,06,13,12,13.2,53,Moderate,15.0,UG/M3,1 Hr,Valid
Abidjan,PM2.5 - Principal,2022-06-13 01:00 PM,2022,06,13,13,10.6,44,Good,8.0,UG/M3,1 Hr,Valid
Abidjan,PM2.5 - Principal,2022-06-13 02:00 PM,2022,06,13,14,9.8,41,Good,9.0,UG/M3,1 Hr,Valid
Abidjan,PM2.5 - Principal,2022-06-13 03:00 PM,2022,06,13,15,9.4,39,Good,9.0,UG/M3,1 Hr,Valid
Abidjan,PM2.5 - Principal,2022-06-13 04:00 PM,2022,06,13,16,10.2,43,Good,11.0,UG/M3,1 Hr,Valid
Abidjan,PM2.5 - Principal,2022-06-13 05:00 PM,2022,06,13,17,9.6,40,Good,9.0,UG/M3,1 Hr,Valid
Abidjan,PM2.5 - Principal,2022-06-13 06:00 PM,2022,06,13,18,9.8,41,Good,10.0,UG/M3,1 Hr,Valid
Abidjan,PM2.5 - Principal,2022-06-13 07:00 PM,2022,06,13,19,11.3,47,Good,13.0,UG/M3,1 Hr,Valid
Abidjan,PM2.5 - Principal,2022-06-13 08:00 PM,2022,06,13,20,13.6,54,Moderate,16.0,UG/M3,1 Hr,Valid
Abidjan,PM2.5 - Principal,2022-06-13 09:00 PM,2022,06,13,21,13.8,55,Moderate,14.0,UG/M3,1 Hr,Valid
Abidjan,PM2.5 - Principal,2022-06-13 10:00 PM,2022,06,13,22,13.4,54,Moderate,13.0,UG/M3,1 Hr,Valid
Abidjan,PM2.5 - Principal,2022-06-13 11:00 PM,2022,06,13,23,11.2,47,Good,9.0,UG/M3,1 Hr,Valid
Abidjan,PM2.5 - Principal,2022-06-14 12:00 AM,2022,06,14,00,10.6,44,Good,10.0,UG/M3,1 Hr,Valid
Abidjan,PM2.5 - Principal,2022-06-14 01:00 AM,2022,06,14,01,11.3,47,Good,12.0,UG/M3,1 Hr,Valid
Abidjan,PM2.5 - Principal,2022-06-14 02:00 AM,2022,06,14,02,10.7,45,Good,10.0,UG/M3,1 Hr,Valid
Abidjan,PM2.5 - Principal,2022-06-14 03:00 AM,2022,06,14,03,10.8,45,Good,11.0,UG/M3,1 Hr,Valid
Abidjan,PM2.5 - Principal,2022-06-14 04:00 AM,2022,06,14,04,10.9,45,Good,11.0,UG/M3,1 Hr,Valid
Abidjan,PM2.5 - Principal,2022-06-14 05:00 AM,2022,06,14,05,12.7,52,Moderate,15.0,UG/M3,1 Hr,Valid
Abidjan,PM2.5 - Principal,2022-06-14 06:00 AM,2022,06,14,06,15.9,59,Moderate,19.0,UG/M3,1 Hr,Valid
Abidjan,PM2.5 - Principal,2022-06-14 07:00 AM,2022,06,14,07,27.4,83,Moderate,39.0,UG/M3,1 Hr,Valid
Abidjan,PM2.5 - Principal,2022-06-14 08:00 AM,2022,06,14,08,36.7,104,Unhealthy for Sensitive Groups,46.0,UG/M3,1 Hr,Valid
Abidjan,PM2.5 - Principal,2022-06-14 09:00 AM,2022,06,14,09,32.3,93,Moderate,28.0,UG/M3,1 Hr,Valid
Abidjan,PM2.5 - Principal,2022-06-14 10:00 AM,2022,06,14,10,25.1,78,Moderate,18.0,UG/M3,1 Hr,Valid
Abidjan,PM2.5 - Principal,2022-06-14 11:00 AM,2022,06,14,11,19.0,66,Moderate,13.0,UG/M3,1 Hr,Valid
Abidjan,PM2.5 - Principal,2022-06-14 12:00 PM,2022,06,14,12,20.0,68,Moderate,21.0,UG/M3,1 Hr,Valid
Abidjan,PM2.5 - Principal,2022-06-14 01:00 PM,2022,06,14,13,20.5,69,Moderate,21.0,UG/M3,1 Hr,Valid
Abidjan,PM2.5 - Principal,2022-06-14 02:00 PM,2022,06,14,14,20.7,69,Moderate,21.0,UG/M3,1 Hr,Valid
Abidjan,PM2.5 - Principal,2022-06-14 03:00 PM,2022,06,14,15,21.3,70,Moderate,22.0,UG/M3,1 Hr,Valid
Abidjan,PM2.5 - Principal,2022-06-14 04:00 PM,2022,06,14,16,19.1,66,Moderate,17.0,UG/M3,1 Hr,Valid
Abidjan,PM2.5 - Principal,2022-06-14 05:00 PM,2022,06,14,17,19.0,66,Moderate,19.0,UG/M3,1 Hr,Valid
Abidjan,PM2.5 - Principal,2022-06-14 06:00 PM,2022,06,14,18,18.0,63,Moderate,17.0,UG/M3,1 Hr,Valid
Abidjan,PM2.5 - Principal,2022-06-14 07:00 PM,2022,06,14,19,20.0,68,Moderate,22.0,UG/M3,1 Hr,Valid
Abidjan,PM2.5 - Principal,2022-06-14 08:00 PM,2022,06,14,20,18.5,64,Moderate,17.0,UG/M3,1 Hr,Valid
Abidjan,PM2.5 - Principal,2022-06-14 09:00 PM,2022,06,14,21,17.9,63,Moderate,17.0,UG/M3,1 Hr,Valid
Abidjan,PM2.5 - Principal,2022-06-14 10:00 PM,2022,06,14,22,15.9,59,Moderate,13.0,UG/M3,1 Hr,Valid
Abidjan,PM2.5 - Principal,2022-06-14 11:00 PM,2022,06,14,23,15.1,57,Moderate,14.0,UG/M3,1 Hr,Valid
Abidjan,PM2.5 - Principal,2022-06-15 12:00 AM,2022,06,15,00,12.3,51,Moderate,10.0,UG/M3,1 Hr,Valid
Abidjan,PM2.5 - Principal,2022-06-15 01:00 AM,2022,06,15,01,10.1,42,Good,8.0,UG/M3,1 Hr,Valid
Abidjan,PM2.5 - Principal,2022-06-15 02:00 AM,2022,06,15,02,8.5,35,Good,7.0,UG/M3,1 Hr,Valid
Abidjan,PM2.5 - Principal,2022-06-15 03:00 AM,2022,06,15,03,8.7,36,Good,9.0,UG/M3,1 Hr,Valid
Abidjan,PM2.5 - Principal,2022-06-15 04:00 AM,2022,06,15,04,10.8,45,Good,13.0,UG/M3,1 Hr,Valid
Abidjan,PM2.5 - Principal,2022-06-15 05:00 AM,2022,06,15,05,10.9,45,Good,11.0,UG/M3,1 Hr,Valid
Abidjan,PM2.5 - Principal,2022-06-15 06:00 AM,2022,06,15,06,11.4,48,Good,12.0,UG/M3,1 Hr,Valid
Abidjan,PM2.5 - Principal,2022-06-15 07:00 AM,2022,06,15,07,17.2,62,Moderate,23.0,UG/M3,1 Hr,Valid
Abidjan,PM2.5 - Principal,2022-06-15 08:00 AM,2022,06,15,08,18.6,65,Moderate,20.0,UG/M3,1 Hr,Valid
Abidjan,PM2.5 - Principal,2022-06-15 09:00 AM,2022,06,15,09,20.3,68,Moderate,22.0,UG/M3,1 Hr,Valid
Abidjan,PM2.5 - Principal,2022-06-15 10:00 AM,2022,06,15,10,20.1,68,Moderate,20.0,UG/M3,1 Hr,Valid
Abidjan,PM2.5 - Principal,2022-06-15 11:00 AM,2022,06,15,11,19.0,66,Moderate,18.0,UG/M3,1 Hr,Valid
Abidjan,PM2.5 - Principal,2022-06-15 12:00 PM,2022,06,15,12,20.5,69,Moderate,22.0,UG/M3,1 Hr,Valid
Abidjan,PM2.5 - Principal,2022-06-15 01:00 PM,2022,06,15,13,21.2,70,Moderate,22.0,UG/M3,1 Hr,Valid
Abidjan,PM2.5 - Principal,2022-06-15 02:00 PM,2022,06,15,14,20.6,69,Moderate,20.0,UG/M3,1 Hr,Valid
Abidjan,PM2.5 - Principal,2022-06-15 03:00 PM,2022,06,15,15,19.3,66,Moderate,18.0,UG/M3,1 Hr,Valid
Abidjan,PM2.5 - Principal,2022-06-15 04:00 PM,2022,06,15,16,20.6,69,Moderate,22.0,UG/M3,1 Hr,Valid
Abidjan,PM2.5 - Principal,2022-06-15 05:00 PM,2022,06,15,17,19.8,67,Moderate,19.0,UG/M3,1 Hr,Valid
Abidjan,PM2.5 - Principal,2022-06-15 06:00 PM,2022,06,15,18,22.8,74,Moderate,28.0,UG/M3,1 Hr,Valid
Abidjan,PM2.5 - Principal,2022-06-15 07:00 PM,2022,06,15,19,23.2,74,Moderate,24.0,UG/M3,1 Hr,Valid
Abidjan,PM2.5 - Principal,2022-06-15 08:00 PM,2022,06,15,20,23.1,74,Moderate,23.0,UG/M3,1 Hr,Valid
Abidjan,PM2.5 - Principal,2022-06-15 09:00 PM,2022,06,15,21,19.5,67,Moderate,15.0,UG/M3,1 Hr,Valid
Abidjan,PM2.5 - Principal,2022-06-15 10:00 PM,2022,06,15,22,14.6,56,Moderate,10.0,UG/M3,1 Hr,Valid
Abidjan,PM2.5 - Principal,2022-06-15 11:00 PM,2022,06,15,23,10.8,45,Good,7.0,UG/M3,1 Hr,Valid
Abidjan,PM2.5 - Principal,2022-06-16 12:00 AM,2022,06,16,00,7.9,33,Good,5.0,UG/M3,1 Hr,Valid
Abidjan,PM2.5 - Principal,2022-06-16 01:00 AM,2022,06,16,01,6.4,27,Good,5.0,UG/M3,1 Hr,Valid
Abidjan,PM2.5 - Principal,2022-06-16 02:00 AM,2022,06,16,02,5.7,24,Good,5.0,UG/M3,1 Hr,Valid
Abidjan,PM2.5 - Principal,2022-06-16 03:00 AM,2022,06,16,03,5.3,22,Good,5.0,UG/M3,1 Hr,Valid
Abidjan,PM2.5 - Principal,2022-06-16 04:00 AM,2022,06,16,04,4.1,17,Good,3.0,UG/M3,1 Hr,Valid
Abidjan,PM2.5 - Principal,2022-06-16 05:00 AM,2022,06,16,05,4.0,17,Good,4.0,UG/M3,1 Hr,Valid
Abidjan,PM2.5 - Principal,2022-06-16 06:00 AM,2022,06,16,06,3.5,15,Good,3.0,UG/M3,1 Hr,Valid
Abidjan,PM2.5 - Principal,2022-06-16 07:00 AM,2022,06,16,07,10.2,43,Good,17.0,UG/M3,1 Hr,Valid
Abidjan,PM2.5 - Principal,2022-06-16 08:00 AM,2022,06,16,08,15.6,58,Moderate,21.0,UG/M3,1 Hr,Valid
Abidjan,PM2.5 - Principal,2022-06-16 09:00 AM,2022,06,16,09,13.8,55,Moderate,12.0,UG/M3,1 Hr,Valid
Abidjan,PM2.5 - Principal,2022-06-16 10:00 AM,2022,06,16,10,12.4,52,Moderate,11.0,UG/M3,1 Hr,Valid
Abidjan,PM2.5 - Principal,2022-06-16 11:00 AM,2022,06,16,11,12.7,52,Moderate,13.0,UG/M3,1 Hr,Valid
Abidjan,PM2.5 - Principal,2022-06-16 12:00 PM,2022,06,16,12,11.8,49,Good,11.0,UG/M3,1 Hr,Valid
Abidjan,PM2.5 - Principal,2022-06-16 01:00 PM,2022,06,16,13,17.4,62,Moderate,23.0,UG/M3,1 Hr,Valid
Abidjan,PM2.5 - Principal,2022-06-16 02:00 PM,2022,06,16,14,21.7,71,Moderate,26.0,UG/M3,1 Hr,Valid
Abidjan,PM2.5 - Principal,2022-06-16 03:00 PM,2022,06,16,15,19.3,66,Moderate,17.0,UG/M3,1 Hr,Valid
Abidjan,PM2.5 - Principal,2022-06-16 04:00 PM,2022,06,16,16,12.6,52,Moderate,6.0,UG/M3,1 Hr,Valid
Abidjan,PM2.5 - Principal,2022-06-16 05:00 PM,2022,06,16,17,14.3,56,Moderate,16.0,UG/M3,1 Hr,Valid
Abidjan,PM2.5 - Principal,2022-06-16 06:00 PM,2022,06,16,18,12.1,51,Moderate,10.0,UG/M3,1 Hr,Valid
Abidjan,PM2.5 - Principal,2022-06-16 07:00 PM,2022,06,16,19,12.5,52,Moderate,13.0,UG/M3,1 Hr,Valid
Abidjan,PM2.5 - Principal,2022-06-16 08:00 PM,2022,06,16,20,12.2,51,Moderate,12.0,UG/M3,1 Hr,Valid
Abidjan,PM2.5 - Principal,2022-06-16 09:00 PM,2022,06,16,21,13.1,53,Moderate,14.0,UG/M3,1 Hr,Valid
Abidjan,PM2.5 - Principal,2022-06-16 10:00 PM,2022,06,16,22,13.0,53,Moderate,13.0,UG/M3,1 Hr,Valid
Abidjan,PM2.5 - Principal,2022-06-16 11:00 PM,2022,06,16,23,11.0,46,Good,9.0,UG/M3,1 Hr,Valid
Abidjan,PM2.5 - Principal,2022-06-17 12:00 AM,2022,06,17,00,6.5,27,Good,2.0,UG/M3,1 Hr,Valid
Abidjan,PM2.5 - Principal,2022-06-17 01:00 AM,2022,06,17,01,4.2,18,Good,2.0,UG/M3,1 Hr,Valid
Abidjan,PM2.5 - Principal,2022-06-17 02:00 AM,2022,06,17,02,4.6,19,Good,5.0,UG/M3,1 Hr,Valid
Abidjan,PM2.5 - Principal,2022-06-17 03:00 AM,2022,06,17,03,3.3,14,Good,2.0,UG/M3,1 Hr,Valid
Abidjan,PM2.5 - Principal,2022-06-17 04:00 AM,2022,06,17,04,3.1,13,Good,3.0,UG/M3,1 Hr,Valid
Abidjan,PM2.5 - Principal,2022-06-17 05:00 AM,2022,06,17,05,5.0,21,Good,7.0,UG/M3,1 Hr,Valid
Abidjan,PM2.5 - Principal,2022-06-17 06:00 AM,2022,06,17,06,5.0,21,Good,5.0,UG/M3,1 Hr,Valid
Abidjan,PM2.5 - Principal,2022-06-17 07:00 AM,2022,06,17,07,14.0,55,Moderate,23.0,UG/M3,1 Hr,Valid
Abidjan,PM2.5 - Principal,2022-06-17 08:00 AM,2022,06,17,08,14.5,56,Moderate,15.0,UG/M3,1 Hr,Valid
Abidjan,PM2.5 - Principal,2022-06-17 09:00 AM,2022,06,17,09,13.7,54,Moderate,13.0,UG/M3,1 Hr,Valid
Abidjan,PM2.5 - Principal,2022-06-17 10:00 AM,2022,06,17,10,13.3,54,Moderate,13.0,UG/M3,1 Hr,Valid
Abidjan,PM2.5 - Principal,2022-06-17 11:00 AM,2022,06,17,11,15.6,58,Moderate,18.0,UG/M3,1 Hr,Valid
Abidjan,PM2.5 - Principal,2022-06-17 12:00 PM,2022,06,17,12,15.3,58,Moderate,15.0,UG/M3,1 Hr,Valid
Abidjan,PM2.5 - Principal,2022-06-17 01:00 PM,2022,06,17,13,14.6,56,Moderate,14.0,UG/M3,1 Hr,Valid
Abidjan,PM2.5 - Principal,2022-06-17 02:00 PM,2022,06,17,14,15.8,59,Moderate,17.0,UG/M3,1 Hr,Valid
Abidjan,PM2.5 - Principal,2022-06-17 03:00 PM,2022,06,17,15,16.9,61,Moderate,18.0,UG/M3,1 Hr,Valid
Abidjan,PM2.5 - Principal,2022-06-17 04:00 PM,2022,06,17,16,17.4,62,Moderate,18.0,UG/M3,1 Hr,Valid
Abidjan,PM2.5 - Principal,2022-06-17 05:00 PM,2022,06,17,17,16.7,61,Moderate,16.0,UG/M3,1 Hr,Valid
Abidjan,PM2.5 - Principal,2022-06-17 06:00 PM,2022,06,17,18,15.5,58,Moderate,14.0,UG/M3,1 Hr,Valid
Abidjan,PM2.5 - Principal,2022-06-17 07:00 PM,2022,06,17,19,16.7,61,Moderate,19.0,UG/M3,1 Hr,Valid
Abidjan,PM2.5 - Principal,2022-06-17 08:00 PM,2022,06,17,20,16.8,61,Moderate,17.0,UG/M3,1 Hr,Valid
Abidjan,PM2.5 - Principal,2022-06-17 09:00 PM,2022,06,17,21,15.1,57,Moderate,12.0,UG/M3,1 Hr,Valid
Abidjan,PM2.5 - Principal,2022-06-17 10:00 PM,2022,06,17,22,14.7,56,Moderate,14.0,UG/M3,1 Hr,Valid
Abidjan,PM2.5 - Principal,2022-06-17 11:00 PM,2022,06,17,23,13.0,53,Moderate,11.0,UG/M3,1 Hr,Valid
Abidjan,PM2.5 - Principal,2022-06-18 12:00 AM,2022,06,18,00,9.8,41,Good,7.0,UG/M3,1 Hr,Valid
Abidjan,PM2.5 - Principal,2022-06-18 01:00 AM,2022,06,18,01,9.9,41,Good,10.0,UG/M3,1 Hr,Valid
Abidjan,PM2.5 - Principal,2022-06-18 02:00 AM,2022,06,18,02,9.4,39,Good,9.0,UG/M3,1 Hr,Valid
Abidjan,PM2.5 - Principal,2022-06-18 03:00 AM,2022,06,18,03,8.2,34,Good,7.0,UG/M3,1 Hr,Valid
Abidjan,PM2.5 - Principal,2022-06-18 04:00 AM,2022,06,18,04,7.1,30,Good,6.0,UG/M3,1 Hr,Valid
Abidjan,PM2.5 - Principal,2022-06-18 05:00 AM,2022,06,18,05,6.5,27,Good,6.0,UG/M3,1 Hr,Valid
Abidjan,PM2.5 - Principal,2022-06-18 06:00 AM,2022,06,18,06,9.2,38,Good,12.0,UG/M3,1 Hr,Valid
Abidjan,PM2.5 - Principal,2022-06-18 07:00 AM,2022,06,18,07,21.1,70,Moderate,33.0,UG/M3,1 Hr,Valid
Abidjan,PM2.5 - Principal,2022-06-18 08:00 AM,2022,06,18,08,27.0,82,Moderate,33.0,UG/M3,1 Hr,Valid
Abidjan,PM2.5 - Principal,2022-06-18 09:00 AM,2022,06,18,09,29.0,87,Moderate,31.0,UG/M3,1 Hr,Valid
Abidjan,PM2.5 - Principal,2022-06-18 10:00 AM,2022,06,18,10,23.0,74,Moderate,17.0,UG/M3,1 Hr,Valid
Abidjan,PM2.5 - Principal,2022-06-18 11:00 AM,2022,06,18,11,17.5,62,Moderate,12.0,UG/M3,1 Hr,Valid
Abidjan,PM2.5 - Principal,2022-06-18 12:00 PM,2022,06,18,12,16.7,61,Moderate,16.0,UG/M3,1 Hr,Valid
Abidjan,PM2.5 - Principal,2022-06-18 01:00 PM,2022,06,18,13,14.3,56,Moderate,12.0,UG/M3,1 Hr,Valid
Abidjan,PM2.5 - Principal,2022-06-18 02:00 PM,2022,06,18,14,13.1,53,Moderate,12.0,UG/M3,1 Hr,Valid
Abidjan,PM2.5 - Principal,2022-06-18 03:00 PM,2022,06,18,15,14.0,55,Moderate,15.0,UG/M3,1 Hr,Valid
Abidjan,PM2.5 - Principal,2022-06-18 04:00 PM,2022,06,18,16,12.0,50,Good,10.0,UG/M3,1 Hr,Valid
Abidjan,PM2.5 - Principal,2022-06-18 05:00 PM,2022,06,18,17,11.0,46,Good,10.0,UG/M3,1 Hr,Valid
Abidjan,PM2.5 - Principal,2022-06-18 06:00 PM,2022,06,18,18,14.0,55,Moderate,17.0,UG/M3,1 Hr,Valid
Abidjan,PM2.5 - Principal,2022-06-18 07:00 PM,2022,06,18,19,14.0,55,Moderate,14.0,UG/M3,1 Hr,Valid
Abidjan,PM2.5 - Principal,2022-06-18 08:00 PM,2022,06,18,20,16.0,59,Moderate,18.0,UG/M3,1 Hr,Valid
Abidjan,PM2.5 - Principal,2022-06-18 09:00 PM,2022,06,18,21,16.7,61,Moderate,18.0,UG/M3,1 Hr,Valid
Abidjan,PM2.5 - Principal,2022-06-18 10:00 PM,2022,06,18,22,12.4,52,Moderate,8.0,UG/M3,1 Hr,Valid
Abidjan,PM2.5 - Principal,2022-06-18 11:00 PM,2022,06,18,23,8.7,36,Good,5.0,UG/M3,1 Hr,Valid
Abidjan,PM2.5 - Principal,2022-06-19 12:00 AM,2022,06,19,00,5.3,22,Good,2.0,UG/M3,1 Hr,Valid
Abidjan,PM2.5 - Principal,2022-06-19 01:00 AM,2022,06,19,01,4.6,19,Good,4.0,UG/M3,1 Hr,Valid
Abidjan,PM2.5 - Principal,2022-06-19 02:00 AM,2022,06,19,02,5.3,22,Good,6.0,UG/M3,1 Hr,Valid
Abidjan,PM2.5 - Principal,2022-06-19 03:00 AM,2022,06,19,03,5.1,21,Good,5.0,UG/M3,1 Hr,Valid
Abidjan,PM2.5 - Principal,2022-06-19 04:00 AM,2022,06,19,04,7.0,29,Good,9.0,UG/M3,1 Hr,Valid
Abidjan,PM2.5 - Principal,2022-06-19 05:00 AM,2022,06,19,05,6.5,27,Good,6.0,UG/M3,1 Hr,Valid
Abidjan,PM2.5 - Principal,2022-06-19 06:00 AM,2022,06,19,06,9.7,40,Good,13.0,UG/M3,1 Hr,Valid
Abidjan,PM2.5 - Principal,2022-06-19 07:00 AM,2022,06,19,07,20.8,69,Moderate,32.0,UG/M3,1 Hr,Valid
Abidjan,PM2.5 - Principal,2022-06-19 08:00 AM,2022,06,19,08,27.4,83,Moderate,34.0,UG/M3,1 Hr,Valid
Abidjan,PM2.5 - Principal,2022-06-19 09:00 AM,2022,06,19,09,28.2,85,Moderate,29.0,UG/M3,1 Hr,Valid
Abidjan,PM2.5 - Principal,2022-06-19 10:00 AM,2022,06,19,10,25.6,79,Moderate,23.0,UG/M3,1 Hr,Valid
Abidjan,PM2.5 - Principal,2022-06-19 11:00 AM,2022,06,19,11,18.8,65,Moderate,12.0,UG/M3,1 Hr,Valid
Abidjan,PM2.5 - Principal,2022-06-19 12:00 PM,2022,06,19,12,14.4,56,Moderate,10.0,UG/M3,1 Hr,Valid
Abidjan,PM2.5 - Principal,2022-06-19 01:00 PM,2022,06,19,13,10.7,45,Good,7.0,UG/M3,1 Hr,Valid
Abidjan,PM2.5 - Principal,2022-06-19 02:00 PM,2022,06,19,14,9.3,39,Good,8.0,UG/M3,1 Hr,Valid
Abidjan,PM2.5 - Principal,2022-06-19 03:00 PM,2022,06,19,15,8.6,36,Good,8.0,UG/M3,1 Hr,Valid
Abidjan,PM2.5 - Principal,2022-06-19 04:00 PM,2022,06,19,16,7.3,30,Good,6.0,UG/M3,1 Hr,Valid
Abidjan,PM2.5 - Principal,2022-06-19 05:00 PM,2022,06,19,17,7.6,32,Good,8.0,UG/M3,1 Hr,Valid
Abidjan,PM2.5 - Principal,2022-06-19 06:00 PM,2022,06,19,18,6.8,28,Good,6.0,UG/M3,1 Hr,Valid
Abidjan,PM2.5 - Principal,2022-06-19 07:00 PM,2022,06,19,19,7.4,31,Good,8.0,UG/M3,1 Hr,Valid
Abidjan,PM2.5 - Principal,2022-06-19 08:00 PM,2022,06,19,20,7.7,32,Good,8.0,UG/M3,1 Hr,Valid
Abidjan,PM2.5 - Principal,2022-06-19 09:00 PM,2022,06,19,21,7.8,33,Good,8.0,UG/M3,1 Hr,Valid
Abidjan,PM2.5 - Principal,2022-06-19 10:00 PM,2022,06,19,22,5.4,23,Good,3.0,UG/M3,1 Hr,Valid
Abidjan,PM2.5 - Principal,2022-06-19 11:00 PM,2022,06,19,23,7.7,32,Good,10.0,UG/M3,1 Hr,Valid
Abidjan,PM2.5 - Principal,2022-06-20 12:00 AM,2022,06,20,00,6.8,28,Good,6.0,UG/M3,1 Hr,Valid
Abidjan,PM2.5 - Principal,2022-06-20 01:00 AM,2022,06,20,01,5.9,25,Good,5.0,UG/M3,1 Hr,Valid
Abidjan,PM2.5 - Principal,2022-06-20 02:00 AM,2022,06,20,02,4.9,20,Good,4.0,UG/M3,1 Hr,Valid
Abidjan,PM2.5 - Principal,2022-06-20 03:00 AM,2022,06,20,03,4.4,18,Good,4.0,UG/M3,1 Hr,Valid
Abidjan,PM2.5 - Principal,2022-06-20 04:00 AM,2022,06,20,04,3.7,15,Good,3.0,UG/M3,1 Hr,Valid
Abidjan,PM2.5 - Principal,2022-06-20 05:00 AM,2022,06,20,05,2.8,12,Good,2.0,UG/M3,1 Hr,Valid
Abidjan,PM2.5 - Principal,2022-06-20 06:00 AM,2022,06,20,06,2.9,12,Good,3.0,UG/M3,1 Hr,Valid
Abidjan,PM2.5 - Principal,2022-06-20 07:00 AM,2022,06,20,07,4.9,20,Good,7.0,UG/M3,1 Hr,Valid
Abidjan,PM2.5 - Principal,2022-06-20 08:00 AM,2022,06,20,08,12.9,53,Moderate,21.0,UG/M3,1 Hr,Valid
Abidjan,PM2.5 - Principal,2022-06-20 09:00 AM,2022,06,20,09,14.9,57,Moderate,17.0,UG/M3,1 Hr,Valid
Abidjan,PM2.5 - Principal,2022-06-20 10:00 AM,2022,06,20,10,16.9,61,Moderate,19.0,UG/M3,1 Hr,Valid
Abidjan,PM2.5 - Principal,2022-06-20 11:00 AM,2022,06,20,11,14.4,56,Moderate,12.0,UG/M3,1 Hr,Valid
Abidjan,PM2.5 - Principal,2022-06-20 12:00 PM,2022,06,20,12,13.7,54,Moderate,13.0,UG/M3,1 Hr,Valid
Abidjan,PM2.5 - Principal,2022-06-20 01:00 PM,2022,06,20,13,12.8,52,Moderate,12.0,UG/M3,1 Hr,Valid
Abidjan,PM2.5 - Principal,2022-06-20 02:00 PM,2022,06,20,14,10.4,43,Good,8.0,UG/M3,1 Hr,Valid
Abidjan,PM2.5 - Principal,2022-06-20 03:00 PM,2022,06,20,15,9.2,38,Good,8.0,UG/M3,1 Hr,Valid
Abidjan,PM2.5 - Principal,2022-06-20 04:00 PM,2022,06,20,16,11.1,46,Good,13.0,UG/M3,1 Hr,Valid
Abidjan,PM2.5 - Principal,2022-06-20 05:00 PM,2022,06,20,17,11.0,46,Good,11.0,UG/M3,1 Hr,Valid
Abidjan,PM2.5 - Principal,2022-06-20 06:00 PM,2022,06,20,18,14.0,55,Moderate,17.0,UG/M3,1 Hr,Valid
Abidjan,PM2.5 - Principal,2022-06-20 07:00 PM,2022,06,20,19,16.5,60,Moderate,19.0,UG/M3,1 Hr,Valid
Abidjan,PM2.5 - Principal,2022-06-20 08:00 PM,2022,06,20,20,15.7,59,Moderate,15.0,UG/M3,1 Hr,Valid
Abidjan,PM2.5 - Principal,2022-06-20 09:00 PM,2022,06,20,21,16.3,60,Moderate,17.0,UG/M3,1 Hr,Valid
Abidjan,PM2.5 - Principal,2022-06-20 10:00 PM,2022,06,20,22,17.1,62,Moderate,18.0,UG/M3,1 Hr,Valid
Abidjan,PM2.5 - Principal,2022-06-20 11:00 PM,2022,06,20,23,16.0,59,Moderate,15.0,UG/M3,1 Hr,Valid
Abidjan,PM2.5 - Principal,2022-06-21 12:00 AM,2022,06,21,00,14.0,55,Moderate,12.0,UG/M3,1 Hr,Valid
Abidjan,PM2.5 - Principal,2022-06-21 01:00 AM,2022,06,21,01,10.5,44,Good,7.0,UG/M3,1 Hr,Valid
Abidjan,PM2.5 - Principal,2022-06-21 02:00 AM,2022,06,21,02,6.2,26,Good,2.0,UG/M3,1 Hr,Valid
Abidjan,PM2.5 - Principal,2022-06-21 03:00 AM,2022,06,21,03,5.1,21,Good,4.0,UG/M3,1 Hr,Valid
Abidjan,PM2.5 - Principal,2022-06-21 04:00 AM,2022,06,21,04,3.5,15,Good,2.0,UG/M3,1 Hr,Valid
Abidjan,PM2.5 - Principal,2022-06-21 05:00 AM,2022,06,21,05,1.2,5,Good,-1.0,UG/M3,1 Hr,Valid
Abidjan,PM2.5 - Principal,2022-06-21 06:00 AM,2022,06,21,06,0.6,3,Good,0.0,UG/M3,1 Hr,Valid
Abidjan,PM2.5 - Principal,2022-06-21 07:00 AM,2022,06,21,07,10.3,43,Good,20.0,UG/M3,1 Hr,Valid
Abidjan,PM2.5 - Principal,2022-06-21 08:00 AM,2022,06,21,08,11.1,46,Good,12.0,UG/M3,1 Hr,Valid
Abidjan,PM2.5 - Principal,2022-06-21 09:00 AM,2022,06,21,09,11.0,46,Good,11.0,UG/M3,1 Hr,Valid
Abidjan,PM2.5 - Principal,2022-06-21 10:00 AM,2022,06,21,10,12.0,50,Good,13.0,UG/M3,1 Hr,Valid
Abidjan,PM2.5 - Principal,2022-06-21 11:00 AM,2022,06,21,11,10.0,42,Good,8.0,UG/M3,1 Hr,Valid
Abidjan,PM2.5 - Principal,2022-06-21 12:00 PM,2022,06,21,12,10.0,42,Good,10.0,UG/M3,1 Hr,Valid
Abidjan,PM2.5 - Principal,2022-06-21 01:00 PM,2022,06,21,13,15.5,58,Moderate,21.0,UG/M3,1 Hr,Valid
Abidjan,PM2.5 - Principal,2022-06-21 02:00 PM,2022,06,21,14,17.7,63,Moderate,20.0,UG/M3,1 Hr,Valid
Abidjan,PM2.5 - Principal,2022-06-21 03:00 PM,2022,06,21,15,17.8,63,Moderate,18.0,UG/M3,1 Hr,Valid
Abidjan,PM2.5 - Principal,2022-06-21 04:00 PM,2022,06,21,16,15.9,59,Moderate,14.0,UG/M3,1 Hr,Valid
Abidjan,PM2.5 - Principal,2022-06-21 05:00 PM,2022,06,21,17,14.4,56,Moderate,13.0,UG/M3,1 Hr,Valid
Abidjan,PM2.5 - Principal,2022-06-21 06:00 PM,2022,06,21,18,18.2,64,Moderate,22.0,UG/M3,1 Hr,Valid
Abidjan,PM2.5 - Principal,2022-06-21 07:00 PM,2022,06,21,19,21.6,71,Moderate,25.0,UG/M3,1 Hr,Valid
Abidjan,PM2.5 - Principal,2022-06-21 08:00 PM,2022,06,21,20,20.3,68,Moderate,19.0,UG/M3,1 Hr,Valid
Abidjan,PM2.5 - Principal,2022-06-21 09:00 PM,2022,06,21,21,11.6,48,Good,3.0,UG/M3,1 Hr,Valid
Abidjan,PM2.5 - Principal,2022-06-21 10:00 PM,2022,06,21,22,9.8,41,Good,8.0,UG/M3,1 Hr,Valid
Abidjan,PM2.5 - Principal,2022-06-21 11:00 PM,2022,06,21,23,7.9,33,Good,6.0,UG/M3,1 Hr,Valid
Abidjan,PM2.5 - Principal,2022-06-22 12:00 AM,2022,06,22,00,4.9,20,Good,2.0,UG/M3,1 Hr,Valid
Abidjan,PM2.5 - Principal,2022-06-22 01:00 AM,2022,06,22,01,4.9,20,Good,5.0,UG/M3,1 Hr,Valid
Abidjan,PM2.5 - Principal,2022-06-22 02:00 AM,2022,06,22,02,4.4,18,Good,4.0,UG/M3,1 Hr,Valid
Abidjan,PM2.5 - Principal,2022-06-22 03:00 AM,2022,06,22,03,5.7,24,Good,7.0,UG/M3,1 Hr,Valid
Abidjan,PM2.5 - Principal,2022-06-22 04:00 AM,2022,06,22,04,10.8,45,Good,16.0,UG/M3,1 Hr,Valid
Abidjan,PM2.5 - Principal,2022-06-22 05:00 AM,2022,06,22,05,10.4,43,Good,10.0,UG/M3,1 Hr,Valid
Abidjan,PM2.5 - Principal,2022-06-22 06:00 AM,2022,06,22,06,9.7,40,Good,9.0,UG/M3,1 Hr,Valid
Abidjan,PM2.5 - Principal,2022-06-22 07:00 AM,2022,06,22,07,12.8,52,Moderate,16.0,UG/M3,1 Hr,Valid
Abidjan,PM2.5 - Principal,2022-06-22 08:00 AM,2022,06,22,08,16.9,61,Moderate,21.0,UG/M3,1 Hr,Valid
Abidjan,PM2.5 - Principal,2022-06-22 09:00 AM,2022,06,22,09,20.4,68,Moderate,24.0,UG/M3,1 Hr,Valid
Abidjan,PM2.5 - Principal,2022-06-22 10:00 AM,2022,06,22,10,16.2,60,Moderate,12.0,UG/M3,1 Hr,Valid
Abidjan,PM2.5 - Principal,2022-06-22 11:00 AM,2022,06,22,11,16.6,60,Moderate,17.0,UG/M3,1 Hr,Valid
Abidjan,PM2.5 - Principal,2022-06-22 12:00 PM,2022,06,22,12,13.3,54,Moderate,10.0,UG/M3,1 Hr,Valid
Abidjan,PM2.5 - Principal,2022-06-22 01:00 PM,2022,06,22,13,13.1,53,Moderate,13.0,UG/M3,1 Hr,Valid
Abidjan,PM2.5 - Principal,2022-06-22 02:00 PM,2022,06,22,14,13.0,53,Moderate,13.0,UG/M3,1 Hr,Valid
Abidjan,PM2.5 - Principal,2022-06-22 03:00 PM,2022,06,22,15,10.0,42,Good,7.0,UG/M3,1 Hr,Valid
Abidjan,PM2.5 - Principal,2022-06-22 04:00 PM,2022,06,22,16,8.0,33,Good,6.0,UG/M3,1 Hr,Valid
Abidjan,PM2.5 - Principal,2022-06-22 05:00 PM,2022,06,22,17,10.0,42,Good,12.0,UG/M3,1 Hr,Valid
Abidjan,PM2.5 - Principal,2022-06-22 06:00 PM,2022,06,22,18,9.0,38,Good,8.0,UG/M3,1 Hr,Valid
Abidjan,PM2.5 - Principal,2022-06-22 07:00 PM,2022,06,22,19,8.5,35,Good,8.0,UG/M3,1 Hr,Valid
Abidjan,PM2.5 - Principal,2022-06-22 08:00 PM,2022,06,22,20,8.7,36,Good,9.0,UG/M3,1 Hr,Valid
Abidjan,PM2.5 - Principal,2022-06-22 09:00 PM,2022,06,22,21,10.8,45,Good,13.0,UG/M3,1 Hr,Valid
Abidjan,PM2.5 - Principal,2022-06-22 10:00 PM,2022,06,22,22,10.9,45,Good,11.0,UG/M3,1 Hr,Valid
Abidjan,PM2.5 - Principal,2022-06-22 11:00 PM,2022,06,22,23,12.9,53,Moderate,15.0,UG/M3,1 Hr,Valid
Abidjan,PM2.5 - Principal,2022-06-23 12:00 AM,2022,06,23,00,17.4,62,Moderate,22.0,UG/M3,1 Hr,Valid
Abidjan,PM2.5 - Principal,2022-06-23 01:00 AM,2022,06,23,01,24.2,76,Moderate,31.0,UG/M3,1 Hr,Valid
Abidjan,PM2.5 - Principal,2022-06-23 02:00 AM,2022,06,23,02,25.6,79,Moderate,27.0,UG/M3,1 Hr,Valid
Abidjan,PM2.5 - Principal,2022-06-23 03:00 AM,2022,06,23,03,24.3,77,Moderate,23.0,UG/M3,1 Hr,Valid
Abidjan,PM2.5 - Principal,2022-06-23 04:00 AM,2022,06,23,04,21.6,71,Moderate,19.0,UG/M3,1 Hr,Valid
Abidjan,PM2.5 - Principal,2022-06-23 05:00 AM,2022,06,23,05,21.3,70,Moderate,21.0,UG/M3,1 Hr,Valid
Abidjan,PM2.5 - Principal,2022-06-23 06:00 AM,2022,06,23,06,20.1,68,Moderate,19.0,UG/M3,1 Hr,Valid
Abidjan,PM2.5 - Principal,2022-06-23 07:00 AM,2022,06,23,07,30.0,89,Moderate,40.0,UG/M3,1 Hr,Valid
Abidjan,PM2.5 - Principal,2022-06-23 08:00 AM,2022,06,23,08,29.5,88,Moderate,29.0,UG/M3,1 Hr,Valid
Abidjan,PM2.5 - Principal,2022-06-23 09:00 AM,2022,06,23,09,19.7,67,Moderate,10.0,UG/M3,1 Hr,Valid
Abidjan,PM2.5 - Principal,2022-06-23 10:00 AM,2022,06,23,10,14.8,57,Moderate,10.0,UG/M3,1 Hr,Valid
Abidjan,PM2.5 - Principal,2022-06-23 11:00 AM,2022,06,23,11,10.9,45,Good,7.0,UG/M3,1 Hr,Valid
Abidjan,PM2.5 - Principal,2022-06-23 12:00 PM,2022,06,23,12,10.9,45,Good,11.0,UG/M3,1 Hr,Valid
Abidjan,PM2.5 - Principal,2022-06-23 01:00 PM,2022,06,23,13,9.4,39,Good,8.0,UG/M3,1 Hr,Valid
Abidjan,PM2.5 - Principal,2022-06-23 02:00 PM,2022,06,23,14,8.2,34,Good,7.0,UG/M3,1 Hr,Valid
Abidjan,PM2.5 - Principal,2022-06-23 03:00 PM,2022,06,23,15,8.1,34,Good,8.0,UG/M3,1 Hr,Valid
Abidjan,PM2.5 - Principal,2022-06-23 04:00 PM,2022,06,23,16,7.5,31,Good,7.0,UG/M3,1 Hr,Valid
Abidjan,PM2.5 - Principal,2022-06-23 05:00 PM,2022,06,23,17,9.7,40,Good,12.0,UG/M3,1 Hr,Valid
Abidjan,PM2.5 - Principal,2022-06-23 06:00 PM,2022,06,23,18,11.3,47,Good,13.0,UG/M3,1 Hr,Valid
Abidjan,PM2.5 - Principal,2022-06-23 07:00 PM,2022,06,23,19,12.1,51,Moderate,13.0,UG/M3,1 Hr,Valid
Abidjan,PM2.5 - Principal,2022-06-23 08:00 PM,2022,06,23,20,12.4,52,Moderate,13.0,UG/M3,1 Hr,Valid
Abidjan,PM2.5 - Principal,2022-06-23 09:00 PM,2022,06,23,21,13.2,53,Moderate,14.0,UG/M3,1 Hr,Valid
Abidjan,PM2.5 - Principal,2022-06-23 10:00 PM,2022,06,23,22,12.6,52,Moderate,12.0,UG/M3,1 Hr,Valid
Abidjan,PM2.5 - Principal,2022-06-23 11:00 PM,2022,06,23,23,11.3,47,Good,10.0,UG/M3,1 Hr,Valid
Abidjan,PM2.5 - Principal,2022-06-24 12:00 AM,2022,06,24,00,9.1,38,Good,7.0,UG/M3,1 Hr,Valid
Abidjan,PM2.5 - Principal,2022-06-24 01:00 AM,2022,06,24,01,11.5,48,Good,14.0,UG/M3,1 Hr,Valid
Abidjan,PM2.5 - Principal,2022-06-24 02:00 AM,2022,06,24,02,9.2,38,Good,7.0,UG/M3,1 Hr,Valid
Abidjan,PM2.5 - Principal,2022-06-24 03:00 AM,2022,06,24,03,5.6,23,Good,2.0,UG/M3,1 Hr,Valid
Abidjan,PM2.5 - Principal,2022-06-24 04:00 AM,2022,06,24,04,4.8,20,Good,4.0,UG/M3,1 Hr,Valid
Abidjan,PM2.5 - Principal,2022-06-24 05:00 AM,2022,06,24,05,3.9,16,Good,3.0,UG/M3,1 Hr,Valid
Abidjan,PM2.5 - Principal,2022-06-24 06:00 AM,2022,06,24,06,3.9,16,Good,4.0,UG/M3,1 Hr,Valid
Abidjan,PM2.5 - Principal,2022-06-24 07:00 AM,2022,06,24,07,10.4,43,Good,17.0,UG/M3,1 Hr,Valid
Abidjan,PM2.5 - Principal,2022-06-24 08:00 AM,2022,06,24,08,13.7,54,Moderate,17.0,UG/M3,1 Hr,Valid
Abidjan,PM2.5 - Principal,2022-06-24 09:00 AM,2022,06,24,09,13.3,54,Moderate,13.0,UG/M3,1 Hr,Valid
Abidjan,PM2.5 - Principal,2022-06-24 10:00 AM,2022,06,24,10,10.6,44,Good,8.0,UG/M3,1 Hr,Valid
Abidjan,PM2.5 - Principal,2022-06-24 11:00 AM,2022,06,24,11,9.8,41,Good,9.0,UG/M3,1 Hr,Valid
Abidjan,PM2.5 - Principal,2022-06-24 12:00 PM,2022,06,24,12,10.4,43,Good,11.0,UG/M3,1 Hr,Valid
Abidjan,PM2.5 - Principal,2022-06-24 01:00 PM,2022,06,24,13,9.7,40,Good,9.0,UG/M3,1 Hr,Valid
Abidjan,PM2.5 - Principal,2022-06-24 02:00 PM,2022,06,24,14,8.3,35,Good,7.0,UG/M3,1 Hr,Valid
Abidjan,PM2.5 - Principal,2022-06-24 03:00 PM,2022,06,24,15,6.6,28,Good,5.0,UG/M3,1 Hr,Valid
Abidjan,PM2.5 - Principal,2022-06-24 04:00 PM,2022,06,24,16,5.8,24,Good,5.0,UG/M3,1 Hr,Valid
Abidjan,PM2.5 - Principal,2022-06-24 05:00 PM,2022,06,24,17,4.9,20,Good,4.0,UG/M3,1 Hr,Valid
Abidjan,PM2.5 - Principal,2022-06-24 06:00 PM,2022,06,24,18,4.9,20,Good,5.0,UG/M3,1 Hr,Valid
Abidjan,PM2.5 - Principal,2022-06-24 07:00 PM,2022,06,24,19,4.9,20,Good,5.0,UG/M3,1 Hr,Valid
Abidjan,PM2.5 - Principal,2022-06-24 08:00 PM,2022,06,24,20,4.4,18,Good,4.0,UG/M3,1 Hr,Valid
Abidjan,PM2.5 - Principal,2022-06-24 09:00 PM,2022,06,24,21,5.2,22,Good,6.0,UG/M3,1 Hr,Valid
Abidjan,PM2.5 - Principal,2022-06-24 10:00 PM,2022,06,24,22,5.6,23,Good,6.0,UG/M3,1 Hr,Valid
Abidjan,PM2.5 - Principal,2022-06-24 11:00 PM,2022,06,24,23,5.3,22,Good,5.0,UG/M3,1 Hr,Valid
Abidjan,PM2.5 - Principal,2022-06-25 12:00 AM,2022,06,25,00,4.1,17,Good,3.0,UG/M3,1 Hr,Valid
Abidjan,PM2.5 - Principal,2022-06-25 01:00 AM,2022,06,25,01,3.0,13,Good,2.0,UG/M3,1 Hr,Valid
Abidjan,PM2.5 - Principal,2022-06-25 02:00 AM,2022,06,25,02,2.5,10,Good,2.0,UG/M3,1 Hr,Valid
Abidjan,PM2.5 - Principal,2022-06-25 03:00 AM,2022,06,25,03,2.7,11,Good,3.0,UG/M3,1 Hr,Valid
Abidjan,PM2.5 - Principal,2022-06-25 04:00 AM,2022,06,25,04,2.3,10,Good,2.0,UG/M3,1 Hr,Valid
Abidjan,PM2.5 - Principal,2022-06-25 05:00 AM,2022,06,25,05,2.6,11,Good,3.0,UG/M3,1 Hr,Valid
Abidjan,PM2.5 - Principal,2022-06-25 06:00 AM,2022,06,25,06,5.3,22,Good,8.0,UG/M3,1 Hr,Valid
Abidjan,PM2.5 - Principal,2022-06-25 07:00 AM,2022,06,25,07,11.1,46,Good,17.0,UG/M3,1 Hr,Valid
Abidjan,PM2.5 - Principal,2022-06-25 08:00 AM,2022,06,25,08,18.0,63,Moderate,25.0,UG/M3,1 Hr,Valid
Abidjan,PM2.5 - Principal,2022-06-25 09:00 AM,2022,06,25,09,22.5,73,Moderate,27.0,UG/M3,1 Hr,Valid
Abidjan,PM2.5 - Principal,2022-06-25 10:00 AM,2022,06,25,10,35.2,100,Moderate,48.0,UG/M3,1 Hr,Valid
Abidjan,PM2.5 - Principal,2022-06-25 11:00 AM,2022,06,25,11,46.6,128,Unhealthy for Sensitive Groups,58.0,UG/M3,1 Hr,Valid
Abidjan,PM2.5 - Principal,2022-06-25 12:00 PM,2022,06,25,12,26.8,82,Moderate,7.0,UG/M3,1 Hr,Valid
Abidjan,PM2.5 - Principal,2022-06-25 01:00 PM,2022,06,25,13,20.9,70,Moderate,15.0,UG/M3,1 Hr,Valid
Abidjan,PM2.5 - Principal,2022-06-25 02:00 PM,2022,06,25,14,21.9,72,Moderate,23.0,UG/M3,1 Hr,Valid
Abidjan,PM2.5 - Principal,2022-06-25 03:00 PM,2022,06,25,15,18.4,64,Moderate,15.0,UG/M3,1 Hr,Valid
Abidjan,PM2.5 - Principal,2022-06-25 04:00 PM,2022,06,25,16,17.2,62,Moderate,16.0,UG/M3,1 Hr,Valid
Abidjan,PM2.5 - Principal,2022-06-25 05:00 PM,2022,06,25,17,16.1,59,Moderate,15.0,UG/M3,1 Hr,Valid
Abidjan,PM2.5 - Principal,2022-06-25 06:00 PM,2022,06,25,18,15.0,57,Moderate,14.0,UG/M3,1 Hr,Valid
Abidjan,PM2.5 - Principal,2022-06-25 07:00 PM,2022,06,25,19,11.5,48,Good,8.0,UG/M3,1 Hr,Valid
Abidjan,PM2.5 - Principal,2022-06-25 08:00 PM,2022,06,25,20,10.7,45,Good,10.0,UG/M3,1 Hr,Valid
Abidjan,PM2.5 - Principal,2022-06-25 09:00 PM,2022,06,25,21,13.8,55,Moderate,17.0,UG/M3,1 Hr,Valid
Abidjan,PM2.5 - Principal,2022-06-25 10:00 PM,2022,06,25,22,15.4,58,Moderate,17.0,UG/M3,1 Hr,Valid
Abidjan,PM2.5 - Principal,2022-06-25 11:00 PM,2022,06,25,23,11.7,49,Good,8.0,UG/M3,1 Hr,Valid
Abidjan,PM2.5 - Principal,2022-06-26 12:00 AM,2022,06,26,00,9.8,41,Good,8.0,UG/M3,1 Hr,Valid
Abidjan,PM2.5 - Principal,2022-06-26 01:00 AM,2022,06,26,01,8.4,35,Good,7.0,UG/M3,1 Hr,Valid
Abidjan,PM2.5 - Principal,2022-06-26 02:00 AM,2022,06,26,02,7.7,32,Good,7.0,UG/M3,1 Hr,Valid
Abidjan,PM2.5 - Principal,2022-06-26 03:00 AM,2022,06,26,03,6.8,28,Good,6.0,UG/M3,1 Hr,Valid
Abidjan,PM2.5 - Principal,2022-06-26 04:00 AM,2022,06,26,04,5.9,25,Good,5.0,UG/M3,1 Hr,Valid
Abidjan,PM2.5 - Principal,2022-06-26 05:00 AM,2022,06,26,05,4.4,18,Good,3.0,UG/M3,1 Hr,Valid
Abidjan,PM2.5 - Principal,2022-06-26 06:00 AM,2022,06,26,06,4.2,18,Good,4.0,UG/M3,1 Hr,Valid
Abidjan,PM2.5 - Principal,2022-06-26 07:00 AM,2022,06,26,07,6.1,25,Good,8.0,UG/M3,1 Hr,Valid
Abidjan,PM2.5 - Principal,2022-06-26 08:00 AM,2022,06,26,08,8.0,33,Good,10.0,UG/M3,1 Hr,Valid
Abidjan,PM2.5 - Principal,2022-06-26 09:00 AM,2022,06,26,09,12.5,52,Moderate,17.0,UG/M3,1 Hr,Valid
Abidjan,PM2.5 - Principal,2022-06-26 10:00 AM,2022,06,26,10,11.7,49,Good,11.0,UG/M3,1 Hr,Valid
Abidjan,PM2.5 - Principal,2022-06-26 11:00 AM,2022,06,26,11,10.8,45,Good,10.0,UG/M3,1 Hr,Valid
Abidjan,PM2.5 - Principal,2022-06-26 12:00 PM,2022,06,26,12,8.9,37,Good,7.0,UG/M3,1 Hr,Valid
Abidjan,PM2.5 - Principal,2022-06-26 01:00 PM,2022,06,26,13,6.4,27,Good,4.0,UG/M3,1 Hr,Valid
Abidjan,PM2.5 - Principal,2022-06-26 02:00 PM,2022,06,26,14,4.7,20,Good,3.0,UG/M3,1 Hr,Valid
Abidjan,PM2.5 - Principal,2022-06-26 03:00 PM,2022,06,26,15,5.3,22,Good,6.0,UG/M3,1 Hr,Valid
Abidjan,PM2.5 - Principal,2022-06-26 04:00 PM,2022,06,26,16,5.1,21,Good,5.0,UG/M3,1 Hr,Valid
Abidjan,PM2.5 - Principal,2022-06-26 05:00 PM,2022,06,26,17,4.5,19,Good,4.0,UG/M3,1 Hr,Valid
Abidjan,PM2.5 - Principal,2022-06-26 06:00 PM,2022,06,26,18,4.7,20,Good,5.0,UG/M3,1 Hr,Valid
Abidjan,PM2.5 - Principal,2022-06-26 07:00 PM,2022,06,26,19,5.3,22,Good,6.0,UG/M3,1 Hr,Valid
Abidjan,PM2.5 - Principal,2022-06-26 08:00 PM,2022,06,26,20,5.6,23,Good,6.0,UG/M3,1 Hr,Valid
Abidjan,PM2.5 - Principal,2022-06-26 09:00 PM,2022,06,26,21,6.3,26,Good,7.0,UG/M3,1 Hr,Valid
Abidjan,PM2.5 - Principal,2022-06-26 10:00 PM,2022,06,26,22,7.6,32,Good,9.0,UG/M3,1 Hr,Valid
Abidjan,PM2.5 - Principal,2022-06-26 11:00 PM,2022,06,26,23,7.3,30,Good,7.0,UG/M3,1 Hr,Valid
Abidjan,PM2.5 - Principal,2022-06-27 12:00 AM,2022,06,27,00,6.6,28,Good,6.0,UG/M3,1 Hr,Valid
